student_id,resource_id,rating
0,0,4
0,1,4
0,2,5
0,6,4
0,7,5
0,8,5
0,9,2
1,0,4
1,1,3
1,2,4
1,4,2
1,5,4
1,6,4
1,7,4
1,8,4
2,0,4
2,1,4
2,3,4
2,5,4
2,6,5
2,7,4
2,8,4
2,9,4
3,0,4
3,1,5
3,2,4
3,3,4
3,5,4
3,6,4
3,8,3
3,9,4
4,1,3
4,3,3
4,4,4
4,5,4
4,6,4
4,7,5
4,8,4
4,9,4
5,0,3
5,1,4
5,3,4
5,5,4
5,8,5
5,9,4
6,0,5
6,2,4
6,3,4
6,4,3
6,5,4
6,7,5
6,8,4
6,9,3
7,0,5
7,2,5
7,5,4
7,6,5
8,3,5
8,4,4
8,5,4
8,9,5
9,1,4
9,2,4
9,4,4
9,5,4
9,6,5
9,7,3
9,8,4
9,9,4
10,0,4
10,1,5
10,2,4
10,3,3
10,4,3
10,5,3
10,6,3
10,7,4
10,8,4
11,0,4
11,1,4
11,2,4
11,6,4
11,7,4
11,8,5
12,0,4
12,1,4
12,2,4
12,4,5
12,5,5
12,6,4
12,7,4
12,9,5
13,0,4
13,1,5
13,2,4
13,4,4
13,5,4
13,6,4
13,7,3
13,9,4
14,0,4
14,1,4
14,3,4
14,4,4
14,6,4
14,7,4
14,8,5
15,0,4
15,1,4
15,2,4
15,3,4
15,4,4
15,5,4
15,9,3
16,0,4
16,1,4
16,4,4
16,5,5
16,6,4
16,8,4
16,9,4
17,0,5
17,1,5
17,2,5
17,3,4
17,4,4
17,6,4
17,7,4
17,8,5
18,0,5
18,1,3
18,2,4
18,4,3
18,5,4
18,6,4
18,7,5
19,0,4
19,1,4
19,2,5
19,3,2
19,4,3
19,5,4
19,6,5
19,7,4
19,8,4
19,9,3
20,0,5
20,1,4
20,2,3
20,4,3
20,8,5
20,9,4
21,1,4
21,3,4
21,4,3
21,5,4
21,6,3
21,8,4
21,9,4
22,1,4
22,2,4
22,4,4
22,5,4
22,6,4
22,8,4
22,9,4
23,0,4
23,1,4
23,2,5
23,3,4
23,4,4
23,6,5
23,7,5
23,8,5
23,9,4
24,0,5
24,1,3
24,2,4
24,4,3
24,6,5
25,5,4
25,6,5
26,0,3
26,1,4
26,2,5
26,4,3
26,6,4
26,8,5
26,9,3
27,0,3
27,1,4
27,3,4
27,4,5
27,5,4
27,6,3
27,7,4
27,8,5
27,9,4
28,0,5
28,2,3
28,4,4
28,5,3
28,6,5
29,0,5
29,1,4
29,3,4
29,4,3
29,5,5
29,6,5
29,8,4
29,9,4
30,0,3
30,1,4
30,3,3
30,5,4
30,6,3
30,7,4
30,8,3
31,0,4
31,1,4
31,2,3
31,3,5
31,4,5
31,5,4
31,6,3
31,7,3
32,1,5
32,2,3
32,3,4
32,4,4
32,5,5
32,6,4
32,7,4
32,9,4
33,0,4
33,2,4
33,3,3
33,4,3
33,7,4
33,9,4
34,0,3
34,1,4
34,2,3
34,3,4
34,4,3
34,6,4
34,7,4
34,8,5
34,9,4
35,0,3
35,2,5
35,6,5
35,7,5
35,8,3
36,1,4
36,3,4
36,4,5
36,5,4
36,6,3
36,7,3
36,8,3
36,9,5
37,1,5
37,4,3
37,5,4
37,6,4
37,7,4
37,8,4
37,9,4
38,1,4
38,3,4
38,5,4
38,6,5
38,7,4
38,8,5
39,0,3
39,1,4
39,3,3
39,4,4
39,5,4
39,6,4
39,7,4
39,8,4
39,9,4
40,0,5
40,1,4
40,2,4
40,4,4
40,5,4
40,8,5
41,0,4
41,1,4
41,4,4
41,6,3
41,7,5
41,8,4
42,1,4
42,2,3
42,3,5
42,4,5
42,5,3
42,7,3
42,8,3
42,9,5
43,0,5
43,1,5
43,2,4
43,3,4
43,6,4
43,7,4
43,8,4
44,0,4
44,1,4
44,2,4
44,4,4
44,5,4
44,6,5
44,7,5
44,9,3
45,0,5
45,1,4
45,2,5
45,5,4
45,6,4
45,8,3
45,9,3
46,0,5
46,2,4
46,3,3
46,5,5
46,7,5
46,8,4
46,9,3
47,0,4
47,1,4
47,3,4
47,4,4
47,5,4
47,8,5
47,9,5
48,0,4
48,1,4
48,3,4
48,4,4
48,5,4
48,7,4
48,8,4
48,9,4
49,1,3
49,2,5
49,4,4
49,5,3
49,6,4
49,7,5
49,8,4
50,1,5
50,4,4
50,5,4
51,0,4
51,1,4
51,3,4
51,4,4
51,5,4
51,7,4
51,8,4
51,9,4
52,0,4
52,2,4
52,5,4
52,6,4
52,7,4
53,0,4
53,1,5
53,2,4
53,5,4
53,6,4
53,8,5
53,9,5
54,0,4
54,1,4
54,2,2
54,3,4
54,4,4
54,5,4
54,6,4
54,7,4
54,8,5
55,1,4
55,2,4
55,5,5
55,6,4
55,7,5
55,8,4
55,9,4
56,0,3
56,1,4
56,2,4
56,3,5
56,4,4
56,5,5
56,7,4
56,8,4
56,9,3
57,1,4
57,3,4
57,5,4
57,7,4
57,9,4
58,0,4
58,1,5
58,2,5
58,5,4
58,6,4
58,7,3
58,8,4
58,9,4
59,1,4
59,2,3
59,4,4
59,5,4
59,7,3
59,8,4
59,9,5
60,0,4
60,1,4
60,2,5
60,4,4
60,5,4
60,6,4
60,7,4
60,8,4
60,9,3
61,0,5
61,1,4
61,2,3
61,4,3
61,5,4
61,6,5
61,7,4
61,8,4
61,9,3
62,0,4
62,1,5
62,2,4
62,3,2
62,4,4
62,5,3
62,6,4
62,7,4
62,8,4
62,9,3
63,1,5
63,2,5
63,3,4
63,4,2
63,5,5
63,6,5
63,7,4
63,8,4
63,9,3
64,0,4
64,1,4
64,2,4
64,6,3
64,7,5
64,8,5
65,1,4
65,2,4
65,3,5
65,4,4
65,5,4
65,7,4
65,8,5
65,9,4
66,0,4
66,2,5
66,3,4
66,4,3
66,8,4
67,2,4
67,3,2
67,6,5
67,7,4
67,8,4
68,0,5
68,2,4
68,5,3
68,6,4
68,7,5
68,9,3
69,0,5
69,1,4
69,3,4
69,4,4
69,5,4
69,6,4
69,7,4
69,8,5
69,9,4
70,1,4
70,2,4
70,3,4
70,4,4
70,5,4
70,7,3
70,8,4
70,9,3
71,0,4
71,1,4
71,3,5
71,4,4
71,5,4
71,6,4
71,7,4
72,2,4
72,4,3
72,6,4
72,7,4
72,9,3
73,0,4
73,1,4
73,2,3
73,3,4
73,4,3
73,5,5
73,7,3
73,8,4
74,2,5
74,5,4
74,6,4
74,7,4
74,8,5
75,1,4
75,2,4
75,4,3
75,5,4
75,6,5
75,8,3
76,0,4
76,1,4
76,2,4
76,5,3
76,6,4
76,7,5
76,8,4
77,0,4
77,1,4
77,2,4
77,4,3
77,5,5
77,7,3
77,8,5
78,0,4
78,1,4
78,2,3
78,3,3
78,4,4
78,5,4
78,6,4
78,7,5
78,8,5
79,0,4
79,1,3
79,2,4
79,4,3
79,5,4
79,6,4
79,8,4
80,1,5
80,2,4
80,3,4
80,4,3
80,5,4
80,6,4
80,7,4
80,8,4
80,9,3
81,0,4
81,1,4
81,2,4
81,3,3
81,5,4
81,6,4
81,7,5
81,8,5
82,1,4
82,2,5
82,6,5
82,7,5
83,0,3
83,1,4
83,2,4
83,3,4
83,4,3
83,5,4
83,7,2
83,9,3
84,0,4
84,2,4
84,3,3
84,4,3
84,7,5
84,8,4
85,0,4
85,3,2
85,6,4
85,7,5
85,8,4
86,0,4
86,2,4
86,5,3
86,6,4
86,7,4
87,0,3
87,1,5
87,3,3
87,4,3
87,5,4
87,6,4
87,7,4
87,8,5
87,9,4
88,0,4
88,1,4
88,3,3
88,4,4
88,7,3
88,8,4
89,0,4
89,1,4
89,2,5
89,4,3
89,6,5
89,7,3
89,8,4
89,9,3
90,2,4
90,5,3
90,6,4
90,7,3
90,8,3
91,0,3
91,4,5
91,5,4
91,8,3
91,9,5
92,0,5
92,1,4
92,2,5
92,4,2
92,6,5
92,7,4
93,1,3
93,2,4
93,6,4
93,8,4
94,0,4
94,1,5
94,3,3
94,5,4
94,9,5
95,0,5
95,1,4
95,2,4
95,6,4
95,7,4
95,8,4
95,9,4
96,1,4
96,2,4
96,3,3
96,4,4
96,5,5
96,6,4
96,7,4
96,8,4
96,9,4
97,0,4
97,1,4
97,5,4
97,6,4
97,7,4
97,8,4
97,9,4
98,1,5
98,3,5
98,4,4
98,5,4
98,7,3
98,8,4
99,0,5
99,5,3
99,6,5
99,7,4
100,6,4
101,2,3
101,3,5
101,4,4
101,5,4
101,7,3
101,8,4
101,9,5
102,3,4
102,4,4
102,5,4
102,8,3
102,9,5
103,0,4
103,1,4
103,2,5
103,5,3
103,6,4
103,7,4
103,8,4
104,1,4
104,3,4
104,4,4
104,5,5
104,8,5
104,9,5
105,1,4
105,2,5
105,5,4
105,6,4
105,7,4
105,8,4
105,9,4
106,0,5
106,1,4
106,2,4
106,4,2
106,6,4
106,7,5
106,8,3
107,2,3
107,3,5
107,4,5
107,5,4
107,8,3
107,9,5
108,0,4
108,1,4
108,3,4
108,4,4
108,6,3
108,7,4
108,8,4
108,9,5
109,0,4
109,1,5
109,2,5
109,3,5
109,4,4
109,5,5
109,7,2
109,8,4
110,0,4
110,3,5
110,4,4
110,5,4
110,8,3
110,9,4
111,0,4
111,2,4
111,3,3
111,5,4
111,6,4
111,7,4
111,8,5
112,0,3
112,1,4
112,2,4
112,3,4
112,4,5
112,6,4
112,7,4
112,8,4
112,9,5
113,0,3
113,1,3
113,2,3
113,3,5
113,4,4
113,5,3
113,8,4
113,9,5
114,0,4
114,1,4
114,2,4
114,5,4
114,7,4
114,8,4
114,9,3
115,0,5
115,3,4
115,5,5
115,7,4
115,8,4
115,9,4
116,1,4
116,3,4
116,4,5
116,5,4
116,7,4
116,8,5
116,9,4
117,1,4
117,2,3
117,4,4
117,6,3
117,7,4
117,8,5
118,0,5
118,2,4
118,4,3
118,5,5
118,6,4
118,7,4
118,8,4
119,1,5
119,2,3
119,3,4
119,4,5
119,5,4
119,6,4
119,8,4
119,9,4
120,0,3
120,1,5
120,3,4
120,4,5
120,5,4
120,6,4
120,7,4
120,9,4
121,0,4
121,1,5
121,3,4
121,6,4
121,8,4
121,9,4
122,0,4
122,1,4
122,2,3
122,4,4
122,7,4
122,8,5
122,9,4
123,0,4
123,1,5
123,3,3
123,4,4
123,5,4
123,9,4
124,0,5
124,1,3
124,2,3
124,5,4
124,6,5
124,9,3
125,0,5
125,1,4
125,2,4
125,3,3
125,4,3
125,5,5
126,0,4
126,1,4
126,2,4
126,3,2
126,5,4
126,6,5
126,7,4
126,8,4
126,9,3
127,0,5
127,2,4
127,3,3
127,4,4
127,5,5
127,6,5
127,7,5
127,8,3
127,9,4
128,2,4
128,6,4
128,7,5
128,8,4
128,9,2
129,0,3
129,1,3
129,2,3
129,3,5
129,4,4
129,5,3
129,8,5
130,0,4
130,1,3
130,5,3
130,6,3
130,7,4
130,8,3
130,9,3
131,1,5
131,5,4
131,7,4
132,0,4
132,1,5
132,2,4
132,3,4
132,5,4
132,6,4
132,7,4
132,8,4
133,0,4
133,1,4
133,2,4
133,3,5
133,4,4
133,5,4
133,6,5
133,7,4
133,8,4
134,0,4
134,7,4
135,0,5
135,2,3
136,0,3
136,1,4
136,2,4
136,3,4
136,6,4
136,7,4
137,1,4
137,2,3
137,5,2
137,6,4
137,7,4
138,0,4
138,1,4
138,2,4
138,3,4
138,4,3
138,5,4
138,6,4
138,7,3
138,8,4
138,9,4
139,1,4
139,3,4
139,4,4
139,5,4
139,6,3
139,8,4
139,9,4
140,0,4
140,2,4
140,6,3
140,8,3
141,0,4
141,1,4
141,2,3
141,3,3
141,4,4
141,5,3
141,6,4
141,7,5
141,8,5
142,0,4
142,1,5
142,2,4
142,3,3
142,5,4
142,6,4
142,7,3
142,8,4
142,9,4
143,1,5
143,2,4
143,3,4
143,4,3
143,5,5
143,6,3
143,8,5
143,9,5
144,3,2
144,5,4
144,6,4
144,7,3
145,0,5
145,2,4
145,3,4
145,5,4
145,6,4
145,8,5
145,9,3
146,0,4
146,2,4
146,6,5
146,8,3
147,1,5
147,2,4
147,3,4
147,4,3
147,5,4
147,6,4
147,7,5
148,0,3
148,2,4
148,5,3
148,6,4
149,0,4
149,1,3
149,4,3
149,5,3
149,6,4
149,8,4
149,9,3
150,0,4
150,2,4
150,5,4
150,6,5
150,7,4
151,1,4
151,2,3
151,3,4
151,4,4
151,6,3
151,8,4
152,0,4
152,1,4
152,2,4
152,6,4
152,7,3
152,9,4
153,1,4
153,2,4
153,5,3
153,7,4
154,0,4
154,2,4
154,5,4
154,6,4
154,7,4
154,8,5
155,0,4
155,1,3
155,2,4
155,3,3
155,4,2
155,5,4
155,6,5
155,7,4
156,1,3
156,2,4
156,3,4
156,5,5
156,6,4
156,7,4
156,8,4
156,9,5
157,0,4
157,1,4
157,2,4
157,5,4
157,6,4
157,7,4
157,8,5
158,1,5
158,4,5
158,5,4
158,7,3
158,8,5
159,0,4
159,1,4
159,2,4
159,3,4
159,4,3
159,5,5
159,6,5
159,8,4
160,0,4
160,1,3
160,2,4
160,3,3
160,5,2
160,7,3
161,0,5
161,1,2
161,2,4
161,4,3
161,5,4
161,6,4
161,7,5
161,8,4
162,2,3
163,0,5
163,1,3
163,2,4
163,6,4
163,7,4
163,8,4
164,0,4
164,1,4
164,2,4
164,4,3
164,6,4
165,3,4
165,7,4
165,8,4
166,0,3
166,1,5
166,2,3
166,3,3
166,4,4
166,5,5
166,6,5
166,7,4
166,8,4
167,1,5
167,3,4
167,4,3
167,5,5
167,8,4
167,9,4
168,0,4
168,5,3
168,6,4
168,9,3
169,0,3
169,1,5
169,3,4
169,4,3
169,6,3
169,7,4
169,8,4
169,9,4
170,1,3
170,2,4
170,4,4
170,5,4
170,6,4
170,7,3
171,0,4
171,1,4
171,2,2
171,4,4
171,5,4
171,6,4
171,8,4
172,0,4
172,1,4
172,2,4
172,3,3
172,5,5
172,7,4
172,8,4
173,0,4
173,1,4
173,5,3
173,8,4
174,1,4
174,2,5
174,5,4
174,6,4
174,8,4
174,9,2
175,0,4
175,1,4
175,2,3
175,3,2
175,4,3
175,6,5
175,7,4
175,8,4
175,9,4
176,0,4
176,1,4
176,4,5
176,5,4
176,6,4
176,7,4
176,8,4
177,0,4
177,3,4
177,5,4
177,6,5
177,7,4
177,8,4
178,0,4
178,2,3
178,4,3
178,5,4
178,7,5
178,8,4
179,1,3
179,2,5
179,3,4
179,5,4
179,6,4
179,8,4
179,9,3
180,0,5
180,1,4
180,6,5
180,7,5
180,9,2
181,0,4
181,1,4
181,2,4
181,3,4
181,5,3
181,6,3
181,7,4
181,8,4
182,1,4
182,3,5
182,4,5
182,7,3
183,0,5
183,2,4
183,5,3
183,6,5
184,0,5
184,1,4
184,2,5
184,3,4
184,5,4
184,6,4
184,7,4
184,8,4
185,0,4
185,2,5
185,3,4
185,5,4
185,6,4
185,7,4
185,8,5
186,0,5
186,1,5
186,2,4
186,4,3
186,5,4
186,6,4
186,7,4
186,8,5
187,4,3
187,6,5
187,8,5
187,9,5
188,1,4
188,2,4
188,3,4
188,5,5
188,6,4
188,7,3
188,8,3
189,0,5
189,1,4
189,2,5
189,3,3
189,5,4
189,6,4
189,7,4
189,8,4
190,0,4
190,1,5
190,3,4
190,4,4
190,5,4
190,6,4
190,8,4
190,9,3
191,0,4
191,1,4
191,2,5
191,4,4
191,5,4
191,6,4
191,7,4
191,8,4
191,9,3
192,0,5
192,1,4
192,2,4
192,6,5
192,7,4
193,0,3
193,1,3
193,2,4
193,4,3
193,6,4
193,7,4
193,8,4
194,0,3
194,2,3
194,4,4
194,5,4
194,6,3
194,7,4
194,8,5
194,9,4
195,0,3
195,3,5
195,4,4
195,7,4
195,8,5
195,9,4
196,0,3
196,2,3
196,4,5
196,5,4
196,6,4
196,7,4
196,8,5
196,9,4
197,0,4
197,1,4
197,2,4
197,3,3
197,5,5
197,6,3
197,7,4
197,8,4
198,3,5
198,4,5
198,6,4
198,7,4
198,8,4
198,9,4
199,0,5
199,2,4
199,3,4
199,5,5
199,7,4
199,8,4
199,9,3
200,1,4
200,5,4
200,6,3
200,7,3
200,8,4
200,9,3
201,0,4
201,1,4
201,2,5
201,3,3
201,4,4
201,5,5
201,6,4
201,7,5
201,9,4
202,0,5
202,1,4
202,3,3
202,4,2
202,6,4
202,7,5
203,0,5
203,2,4
203,6,4
203,7,5
203,8,4
204,0,5
204,1,4
204,2,4
204,3,3
204,4,3
204,5,4
204,7,4
204,8,4
204,9,4
205,1,4
205,3,3
205,4,4
205,7,4
206,0,5
206,1,4
206,2,4
206,3,3
206,6,4
206,7,4
206,8,4
206,9,3
207,0,4
207,5,5
207,7,3
207,8,4
207,9,4
208,1,4
208,2,4
208,3,3
208,4,5
208,5,4
208,6,4
208,7,5
208,8,4
209,0,3
209,1,4
209,2,5
209,3,4
209,5,3
209,6,4
209,7,5
210,2,5
210,3,4
210,5,4
210,6,4
210,7,5
210,8,3
211,1,5
211,2,4
211,3,3
211,5,4
211,6,4
211,7,4
211,8,5
211,9,4
212,0,3
212,1,4
212,3,4
212,4,4
212,5,5
212,6,4
212,7,4
212,8,5
212,9,3
213,0,5
213,2,5
213,3,3
213,4,3
213,8,4
214,0,5
214,1,4
214,2,5
214,3,3
214,5,4
214,8,3
215,0,4
215,1,4
215,2,3
215,5,4
215,7,4
215,9,4
216,6,4
216,7,4
217,0,5
217,1,3
217,2,4
217,5,4
217,7,5
218,0,4
218,2,4
218,3,2
218,4,3
218,5,3
218,6,4
218,7,5
219,1,4
219,2,5
219,4,3
219,9,3
220,0,4
220,1,4
220,2,4
220,5,4
220,6,4
220,7,4
220,8,4
220,9,3
221,0,4
221,1,4
221,2,4
221,5,3
221,6,5
221,7,3
222,0,3
222,1,3
222,2,3
222,3,3
222,4,5
222,8,3
222,9,5
223,0,4
223,1,5
223,2,4
223,3,4
223,4,4
223,5,5
223,6,4
224,0,5
224,1,4
224,3,5
224,4,5
224,7,4
224,8,5
224,9,4
225,0,4
225,1,4
225,2,4
225,4,3
225,5,3
225,6,4
225,7,4
225,8,4
226,0,3
226,1,4
226,2,4
226,3,4
226,4,3
226,5,4
226,6,4
226,7,4
226,8,4
226,9,5
227,0,4
227,1,4
227,2,5
227,3,4
227,5,5
227,7,4
227,8,5
227,9,4
228,0,3
228,1,4
228,2,5
228,3,3
228,4,3
228,6,4
228,7,4
228,8,3
229,0,4
229,1,5
229,2,5
229,4,4
229,5,4
229,7,4
229,8,4
229,9,4
230,0,4
230,1,4
230,3,4
230,4,4
230,5,4
230,8,4
231,0,4
231,2,4
231,3,4
231,4,4
231,5,4
231,6,4
231,8,4
232,1,4
232,2,4
232,3,3
232,5,5
232,6,4
232,8,3
233,1,4
233,2,3
233,4,4
233,6,3
233,8,4
233,9,4
234,1,4
234,2,4
234,5,5
234,6,5
234,7,5
234,8,4
235,0,5
235,1,4
235,3,3
235,5,4
235,6,3
235,7,4
235,8,5
235,9,4
236,2,3
236,4,3
236,5,4
236,6,3
236,7,3
236,8,5
237,0,3
237,1,4
237,2,4
237,4,4
237,5,3
237,6,5
237,8,5
237,9,3
238,0,5
238,1,4
238,3,4
238,4,5
238,5,4
238,6,4
238,7,5
238,8,4
239,0,3
239,1,3
239,2,3
239,9,2
240,0,3
240,1,5
240,2,5
240,3,3
240,6,5
240,7,4
240,8,4
241,1,4
241,2,5
241,3,4
241,4,4
241,7,4
241,8,4
242,1,4
242,2,4
242,3,3
242,8,3
243,0,3
243,1,5
243,3,3
243,4,3
243,5,4
243,6,4
243,8,4
244,2,3
244,4,3
244,6,4
245,1,4
245,3,5
245,4,5
245,5,4
245,8,4
245,9,5
246,0,3
246,1,4
246,2,4
246,4,4
246,5,4
246,6,4
246,7,4
246,9,3
247,0,5
247,1,3
247,2,5
247,4,3
247,6,4
247,7,5
247,8,4
247,9,4
248,0,4
248,1,4
248,2,4
248,3,4
248,5,4
248,6,5
248,7,5
248,8,3
249,0,3
249,1,5
249,2,3
249,3,4
249,4,3
249,7,3
249,8,4
250,0,4
250,2,4
250,5,4
250,7,3
250,8,3
251,0,4
251,1,5
251,2,5
251,3,3
251,5,4
251,6,3
251,7,4
251,8,4
252,0,4
252,2,4
252,5,3
252,6,4
252,7,5
253,0,5
253,1,3
253,2,3
253,3,3
253,7,4
254,0,4
254,1,4
254,2,4
254,5,5
254,6,4
254,7,5
254,8,5
255,0,5
255,1,3
255,4,4
255,5,4
255,6,5
255,7,4
255,8,4
256,0,4
256,1,4
256,4,3
256,5,4
256,6,3
256,8,4
256,9,4
257,0,4
257,1,5
257,2,4
257,4,4
257,5,5
257,6,3
257,7,4
257,8,4
258,2,4
258,3,3
258,5,4
258,7,4
258,9,4
259,0,3
259,5,3
259,6,4
259,9,3
260,3,4
260,5,4
260,8,4
260,9,4
261,0,4
261,2,4
261,5,3
261,6,4
261,7,3
262,0,5
262,1,4
262,2,4
262,4,3
262,6,4
262,7,5
262,8,4
263,0,4
263,1,5
263,2,4
263,4,3
263,5,4
263,6,4
263,7,4
263,8,5
263,9,4
264,0,3
264,2,4
264,4,2
264,6,4
264,8,4
265,1,4
265,3,5
265,4,5
265,6,4
265,8,4
266,0,5
266,1,4
266,3,4
266,5,4
266,6,4
266,7,4
266,8,3
266,9,3
267,0,3
267,2,3
267,4,4
267,5,3
268,0,4
268,1,5
268,4,3
268,5,5
268,6,4
268,7,4
268,8,5
268,9,3
269,0,3
269,2,4
269,3,2
269,5,3
269,6,3
269,7,4
269,9,2
270,2,4
270,5,4
270,6,5
270,8,5
270,9,4
271,0,4
271,1,4
271,2,3
271,3,4
271,4,3
271,5,5
271,6,4
271,8,4
272,1,5
272,2,4
272,4,3
272,5,4
272,6,3
272,7,3
272,8,5
273,3,5
273,4,4
273,5,4
273,6,4
273,8,4
273,9,4
274,0,5
274,1,5
274,2,5
274,3,5
274,4,4
274,5,3
274,7,4
274,9,4
275,0,3
275,1,5
275,5,4
275,6,5
275,7,3
275,9,3
276,0,3
276,1,3
276,2,4
276,3,3
276,5,4
276,7,3
276,8,4
277,0,4
277,1,4
277,2,3
277,3,3
277,4,3
277,5,4
277,6,4
277,7,4
277,8,4
277,9,4
278,0,4
278,1,3
278,2,4
278,4,3
278,6,4
278,7,4
278,8,3
278,9,3
279,0,4
279,1,3
279,2,5
279,3,3
279,6,4
279,7,4
279,8,4
279,9,4
280,0,4
280,1,3
280,2,5
280,6,5
280,7,5
280,8,3
281,0,4
281,4,3
281,5,4
281,6,5
281,7,3
281,8,5
282,0,4
282,1,4
282,3,4
282,4,4
282,5,4
282,7,4
282,8,4
283,0,4
283,1,5
283,3,3
283,4,3
283,5,3
283,6,4
283,7,5
283,8,4
283,9,3
284,0,3
284,2,4
284,3,4
284,4,4
284,5,4
284,6,4
284,7,4
284,8,4
285,0,4
285,1,4
285,2,4
285,4,3
285,5,5
285,8,3
285,9,4
286,1,4
286,3,5
286,4,4
286,5,5
286,7,4
286,8,4
286,9,5
287,0,4
287,1,4
287,2,3
287,4,4
287,5,3
287,6,4
287,7,4
287,8,4
288,1,4
288,4,4
288,5,4
288,6,4
288,7,4
288,9,4
289,2,4
289,3,4
289,4,4
289,5,4
289,6,4
289,8,5
289,9,4
290,0,4
290,1,4
290,2,4
290,3,4
290,5,5
290,6,4
290,7,5
290,8,4
291,1,5
291,4,4
291,6,4
291,8,4
291,9,4
292,1,4
292,3,4
292,4,3
292,5,5
292,6,3
292,7,4
292,8,5
293,1,3
293,2,3
293,3,4
293,4,4
293,5,4
293,9,4
294,1,4
294,4,4
294,7,5
294,8,4
294,9,5
295,0,5
295,1,4
295,2,4
295,4,3
295,5,4
295,6,4
295,7,4
295,8,4
295,9,4
296,1,3
296,2,3
296,5,3
296,6,3
297,0,4
297,5,4
297,7,4
297,8,3
298,1,3
298,3,4
298,4,3
298,6,4
298,8,4
298,9,4
299,0,5
299,1,5
299,2,4
299,3,4
299,5,5
299,6,4
299,7,4
299,8,3
299,9,4
300,0,4
300,1,4
300,2,5
300,3,3
300,5,5
300,7,5
300,8,4
300,9,3
301,0,4
301,1,4
301,2,4
301,3,3
301,5,4
301,6,4
301,7,5
301,8,4
301,9,3
302,0,4
302,1,4
302,3,5
302,4,4
302,5,4
302,6,4
302,7,3
302,8,5
302,9,4
303,1,4
303,2,4
303,4,5
303,5,3
303,9,5
304,0,4
304,1,4
304,2,4
304,3,4
304,4,4
304,7,4
304,8,5
304,9,5
305,0,5
305,2,4
305,6,5
305,7,4
305,9,4
306,0,4
306,3,5
306,4,4
306,5,3
306,9,4
307,0,4
307,1,4
307,2,4
307,5,4
307,6,4
307,7,5
307,8,4
308,0,4
308,1,4
308,3,3
308,4,2
308,5,5
308,7,5
308,8,4
309,1,4
309,2,4
309,5,5
309,7,3
309,8,4
309,9,3
310,0,3
310,2,3
310,6,3
310,7,4
310,8,3
311,0,3
311,1,5
311,2,4
311,3,4
311,4,4
311,5,5
311,6,3
311,8,4
311,9,5
312,0,4
312,3,3
312,5,4
312,7,4
312,8,3
312,9,4
313,0,4
313,1,4
313,2,4
313,3,5
313,6,4
313,7,5
313,8,4
314,1,4
314,2,4
314,4,4
314,5,5
314,6,4
314,9,4
315,0,5
315,2,5
315,3,4
315,4,4
315,5,3
315,7,4
315,8,4
315,9,3
316,0,3
316,2,4
316,3,3
316,9,2
317,0,4
317,2,3
317,4,4
317,7,4
317,8,4
318,1,5
318,2,4
318,5,4
318,6,5
318,7,3
318,8,4
318,9,4
319,0,4
319,1,4
319,4,3
319,5,4
319,6,4
319,9,4
320,0,3
320,2,4
320,3,4
320,5,3
320,6,3
320,8,4
320,9,4
321,0,4
321,1,4
321,2,5
321,3,2
321,4,4
321,5,3
321,6,5
321,7,5
321,9,4
322,0,3
322,1,4
322,2,5
322,3,4
322,4,4
322,7,3
323,0,4
323,1,4
323,2,5
323,4,4
323,5,5
323,7,3
323,8,4
323,9,4
324,1,4
324,3,4
324,5,4
324,8,5
324,9,3
325,0,5
325,1,3
325,2,5
325,4,4
325,5,4
325,6,4
325,8,4
325,9,3
326,0,3
326,1,4
326,2,4
326,3,4
326,5,5
326,8,4
326,9,4
327,1,4
327,2,5
327,3,3
327,4,3
327,7,4
327,8,4
327,9,4
328,0,4
328,1,4
328,2,4
328,3,3
328,5,4
328,6,5
328,7,5
329,1,4
329,2,4
329,4,4
329,6,4
329,7,4
329,9,4
330,1,3
330,5,4
330,6,4
330,7,5
330,8,3
331,3,4
331,5,4
331,7,3
331,8,5
331,9,4
332,0,4
332,7,4
332,8,3
333,0,4
333,6,4
333,7,4
334,0,4
334,1,3
334,8,3
335,0,3
335,1,4
335,2,4
335,4,3
335,5,4
335,7,3
335,8,4
335,9,4
336,1,5
336,3,5
336,4,5
336,5,5
336,8,5
336,9,4
337,0,4
337,2,4
337,3,3
337,5,2
337,6,4
337,7,4
338,1,4
338,3,5
338,4,4
338,6,3
338,7,3
338,8,4
338,9,5
339,0,4
339,1,4
339,2,4
339,3,4
339,4,4
339,5,4
339,6,5
339,7,4
339,8,4
340,1,5
340,2,4
340,4,3
340,5,5
340,7,4
340,8,3
340,9,4
341,0,4
341,1,4
341,2,4
341,6,3
341,7,4
341,9,2
342,1,4
342,2,4
342,3,4
342,4,4
342,5,4
342,7,3
342,9,4
343,0,3
343,2,3
343,3,3
343,6,4
343,7,3
344,0,3
344,2,3
344,3,3
344,4,3
344,6,3
344,7,4
344,8,4
344,9,5
345,0,3
345,1,5
345,3,4
345,4,4
345,6,4
345,7,3
345,8,4
345,9,4
346,0,4
346,1,4
346,2,4
346,3,3
346,4,4
346,5,4
346,6,4
346,8,5
346,9,4
347,0,4
347,1,4
347,2,4
347,3,4
347,5,5
347,7,5
347,9,3
348,0,4
348,1,5
348,3,4
348,4,4
348,5,4
348,7,4
348,8,3
348,9,4
349,0,3
349,1,4
349,3,4
349,4,5
349,5,4
349,6,4
349,7,4
349,8,5
349,9,4
350,0,5
350,1,4
350,2,4
350,5,4
350,6,4
350,7,5
350,8,4
351,0,4
351,1,5
351,3,4
351,4,5
351,5,4
351,6,5
351,7,4
351,8,5
351,9,4
352,0,5
352,2,4
352,4,3
352,6,5
352,7,4
352,8,4
352,9,3
353,0,5
353,2,5
353,7,5
353,8,3
354,1,4
354,2,5
354,3,4
354,4,4
354,6,4
354,7,4
354,8,4
355,1,4
355,4,3
355,5,4
355,6,4
355,7,4
355,8,5
355,9,4
356,0,3
356,1,4
356,2,4
356,3,4
356,4,4
356,5,4
356,6,4
356,8,4
356,9,4
357,0,5
357,1,5
357,2,5
357,4,2
357,5,3
357,7,4
357,8,4
357,9,4
358,0,5
358,2,4
358,3,4
358,4,3
358,5,4
358,6,4
358,7,3
358,8,5
359,1,4
359,2,3
359,4,5
359,8,4
359,9,5
360,0,4
360,1,4
360,2,3
360,6,4
360,7,3
360,8,5
361,1,4
361,2,4
361,4,4
361,5,3
361,6,5
361,7,4
361,8,4
361,9,3
362,0,4
362,3,4
362,5,4
362,6,4
362,7,4
362,9,3
363,0,4
363,1,4
363,3,4
363,4,5
363,5,5
363,6,4
363,7,4
363,8,4
363,9,5
364,0,4
364,1,4
364,2,4
364,5,4
364,6,5
364,7,4
364,8,4
364,9,3
365,0,4
365,1,4
365,2,5
365,3,4
365,5,4
365,6,4
365,7,4
365,8,5
366,0,3
366,2,4
366,3,4
366,5,3
366,7,4
366,8,5
367,0,5
367,1,4
367,2,4
367,4,3
367,7,4
368,0,4
368,1,5
368,2,4
368,3,3
368,5,5
368,6,4
368,8,4
369,3,4
369,4,4
369,7,4
369,8,5
370,0,4
370,1,4
370,2,4
370,4,3
370,5,4
370,6,4
370,7,4
370,8,4
370,9,4
371,0,5
371,1,5
371,2,4
371,4,3
371,5,4
371,6,5
371,7,4
371,9,3
372,0,5
372,2,4
372,3,4
372,4,4
372,5,5
372,6,4
372,7,5
372,8,4
373,2,5
373,6,4
373,7,4
373,8,4
374,0,3
374,2,4
374,4,4
374,5,4
374,8,3
374,9,4
375,0,4
375,1,5
375,2,4
375,4,4
375,5,4
375,6,5
375,7,4
375,8,3
376,0,4
376,1,4
376,2,4
376,3,4
376,4,4
376,5,4
376,6,3
376,7,3
376,8,4
376,9,5
377,0,5
377,2,4
377,4,3
377,5,4
377,6,4
377,7,4
377,9,4
378,2,4
378,4,4
378,5,4
378,8,4
378,9,5
379,1,4
379,2,4
379,4,4
379,6,5
379,8,4
379,9,3
380,1,4
380,2,3
380,4,4
380,5,4
380,6,4
380,9,4
381,0,4
381,1,3
381,2,5
381,3,2
381,4,4
381,5,4
381,7,4
382,0,4
382,2,4
382,3,3
382,4,3
382,5,3
382,6,4
382,7,5
382,8,4
382,9,4
383,1,3
383,2,4
383,8,3
383,9,3
384,0,3
384,1,4
384,2,5
384,5,4
384,6,4
384,7,4
384,9,3
385,0,4
385,1,5
385,2,5
385,3,4
385,5,5
385,6,5
385,7,3
385,8,4
386,0,4
386,1,4
386,2,5
386,6,5
386,7,5
387,0,4
387,1,2
387,2,4
387,6,4
387,9,2
388,0,5
388,2,4
388,4,3
388,6,4
388,7,4
388,8,3
389,1,4
389,2,4
389,6,3
390,1,4
390,4,3
390,5,4
390,6,4
390,7,4
390,8,4
390,9,3
391,1,4
391,4,4
391,6,4
391,8,5
391,9,4
392,0,3
392,1,3
392,2,5
392,3,2
392,5,4
392,6,4
392,8,3
392,9,3
393,1,4
393,2,4
393,3,4
393,4,4
393,5,4
393,6,5
393,7,3
393,9,3
394,0,4
394,2,4
394,4,3
394,5,4
394,6,5
394,8,4
395,0,4
395,1,4
395,2,4
395,3,3
395,5,5
395,6,3
395,7,4
395,8,4
396,0,3
396,1,4
396,3,4
396,5,4
396,6,4
396,7,4
396,9,4
397,0,5
397,1,4
397,2,5
397,4,3
397,6,4
397,7,4
397,9,3
398,1,4
398,2,3
398,3,4
398,4,4
398,5,4
398,6,4
398,8,5
398,9,3
399,0,3
399,1,5
399,2,4
399,3,4
399,4,4
399,5,4
399,6,3
399,8,5
399,9,4
400,0,3
400,1,4
400,2,4
400,3,3
400,4,4
400,5,4
400,7,4
400,9,4
401,1,5
401,2,4
401,3,5
401,4,5
401,5,5
401,6,4
401,7,4
402,0,4
402,1,5
402,2,4
402,5,5
402,6,3
402,7,3
402,8,3
402,9,4
403,3,5
403,4,4
403,5,4
403,7,4
403,9,5
404,0,3
404,1,4
404,2,4
404,4,4
404,5,4
404,6,4
404,7,4
405,0,4
405,1,4
405,2,3
405,3,4
405,4,4
405,7,3
405,8,5
405,9,4
406,1,3
406,4,4
406,5,4
406,7,4
406,8,4
406,9,4
407,0,4
407,1,5
407,2,4
407,4,4
407,5,5
407,6,4
407,7,4
407,8,4
407,9,4
408,0,4
408,1,5
408,2,4
408,3,4
408,4,5
408,5,4
408,8,5
409,1,3
409,2,4
409,4,4
409,5,4
409,7,4
409,8,4
410,0,2
410,3,5
410,5,3
410,8,4
410,9,4
411,1,5
411,4,4
411,5,4
411,8,4
411,9,4
412,0,4
412,1,4
412,2,4
412,3,3
412,5,4
412,6,4
412,7,4
412,8,4
412,9,5
413,0,5
413,1,4
413,2,3
413,5,4
413,6,4
413,7,5
413,8,4
413,9,4
414,0,4
414,1,4
414,2,4
414,3,4
414,5,3
414,6,4
414,7,3
414,8,4
414,9,4
415,0,3
415,2,4
415,3,4
415,4,4
415,6,4
415,9,4
416,0,4
416,1,5
416,2,4
416,3,3
416,5,5
416,6,4
416,7,5
416,8,4
417,1,4
417,2,4
417,3,5
417,5,4
417,6,4
417,7,4
417,8,5
417,9,4
418,0,4
418,1,4
418,2,3
418,7,4
418,8,4
419,1,4
419,2,4
419,3,4
419,5,4
419,6,4
419,7,5
419,8,4
419,9,3
420,1,4
420,2,4
420,3,3
420,4,4
420,6,5
420,7,4
420,8,4
421,0,5
421,1,5
421,2,4
421,3,4
421,4,4
421,6,4
421,8,4
421,9,4
422,0,4
422,1,5
422,2,4
422,3,3
422,4,4
422,5,5
422,6,4
422,7,4
422,8,4
422,9,3
423,1,5
423,2,4
423,3,4
423,5,3
423,7,3
423,8,4
423,9,3
424,0,4
424,1,3
424,2,4
424,3,4
424,5,4
424,6,4
424,7,4
424,8,5
424,9,3
425,0,4
425,2,4
425,5,3
425,7,4
425,8,5
426,1,4
426,2,4
426,3,3
426,4,3
426,5,5
426,6,4
426,8,4
426,9,4
427,0,4
427,1,4
427,2,3
427,4,5
427,5,5
427,8,4
428,1,4
428,2,4
428,3,4
428,4,3
428,5,4
428,6,5
428,7,4
428,8,4
428,9,4
429,0,5
429,2,4
429,4,4
429,5,4
429,6,4
429,7,3
429,8,4
429,9,4
430,2,4
430,3,3
430,5,5
430,6,4
430,7,5
430,8,4
431,0,4
431,2,3
431,3,5
431,5,3
431,6,4
431,7,3
431,8,4
432,0,4
432,1,5
432,2,4
432,3,4
432,4,3
432,5,4
432,6,4
432,8,3
433,0,5
433,1,4
433,3,4
433,4,3
433,5,4
433,7,4
433,8,4
433,9,4
434,0,5
434,2,4
434,3,4
434,5,3
434,6,5
434,7,4
434,8,4
434,9,4
435,0,5
435,1,5
435,2,5
435,4,3
435,5,3
435,6,4
435,7,4
436,0,4
436,1,4
436,2,5
436,4,3
436,5,4
436,6,4
436,7,4
436,8,2
436,9,3
437,1,5
437,2,4
437,3,3
437,4,4
437,5,5
437,6,3
437,8,4
438,0,4
438,1,4
438,2,5
438,3,3
438,4,3
438,5,4
438,6,4
438,7,4
438,8,4
439,0,4
439,1,5
439,3,3
439,5,4
439,6,4
439,7,4
439,9,3
440,0,4
440,1,4
440,2,4
440,5,4
440,6,4
440,7,3
440,8,4
441,0,4
441,1,5
441,2,3
441,3,3
441,4,5
441,5,4
441,8,4
441,9,3
442,1,4
442,3,4
442,4,4
442,5,3
442,8,4
443,2,4
443,3,5
443,4,4
443,5,5
443,7,4
443,8,5
443,9,4
444,0,4
444,1,4
444,2,4
444,3,4
444,4,3
444,5,4
444,6,5
444,8,4
445,1,4
445,3,3
445,4,4
445,5,4
445,7,3
445,8,4
445,9,4
446,0,4
446,1,4
446,4,3
446,5,5
446,7,3
446,8,5
446,9,5
447,1,3
447,2,3
447,3,3
447,4,3
447,5,4
447,6,4
447,8,4
447,9,4
448,1,4
448,2,4
448,3,4
448,4,3
448,5,4
448,6,5
448,7,4
448,8,4
449,0,4
449,1,4
449,3,3
449,4,5
449,5,5
449,7,3
449,8,5
450,0,4
450,1,3
450,2,5
450,4,4
450,5,5
450,6,4
450,7,5
450,8,4
451,1,4
451,2,3
451,5,5
451,8,4
451,9,4
452,0,3
452,2,3
452,4,4
452,5,5
452,7,4
452,9,4
453,0,3
453,1,5
453,3,5
453,4,4
453,5,3
453,7,3
453,8,4
454,2,4
454,4,4
454,5,4
454,6,3
454,7,3
454,8,5
454,9,4
455,0,3
455,1,4
455,3,4
455,4,4
455,5,4
455,6,3
455,7,3
455,8,4
455,9,4
456,1,3
456,2,3
456,4,4
456,5,4
456,6,3
456,8,4
456,9,4
457,0,4
457,1,4
457,2,5
457,4,4
457,5,5
457,6,4
457,7,5
457,8,4
457,9,4
458,0,3
458,1,5
458,3,5
458,4,4
458,5,5
458,7,4
458,8,4
458,9,4
459,0,4
459,1,4
459,2,3
459,3,4
459,6,4
459,7,4
460,0,4
460,2,4
460,3,4
460,4,4
460,5,4
460,6,3
460,7,4
460,8,4
460,9,4
461,0,5
461,2,4
461,3,3
461,5,4
461,6,4
461,7,4
461,8,4
462,1,4
462,2,5
462,3,3
462,5,4
462,6,4
462,7,3
462,8,5
463,0,4
463,2,4
463,5,4
463,6,4
463,7,4
463,8,4
463,9,3
464,2,4
464,3,4
464,4,4
464,5,5
464,6,3
464,8,5
464,9,4
465,0,4
465,1,4
465,2,4
465,4,4
465,5,4
465,6,4
465,7,4
465,8,5
466,0,4
466,1,5
466,2,4
466,3,4
466,4,5
466,5,5
466,6,4
466,7,4
466,8,4
466,9,3
467,0,4
467,3,4
467,4,3
467,5,4
467,7,4
467,8,5
467,9,3
468,1,4
468,3,3
468,8,4
468,9,4
469,0,5
469,1,3
469,2,4
469,4,4
469,5,5
469,6,5
469,7,4
469,8,4
469,9,4
470,0,4
470,2,5
470,3,4
470,5,4
470,6,4
470,8,4
471,0,4
471,1,4
471,2,3
471,3,3
471,5,4
471,6,4
471,7,4
471,8,5
471,9,4
472,0,3
472,1,5
472,3,4
472,4,4
472,5,5
472,6,3
472,8,5
472,9,4
473,0,4
473,2,4
473,4,3
473,5,4
473,6,4
473,7,4
473,8,4
473,9,4
474,0,3
474,1,5
474,2,5
474,5,5
474,6,5
474,7,4
474,8,5
475,0,4
475,1,4
475,2,4
475,3,3
475,4,4
475,5,3
475,6,4
475,7,5
475,8,4
476,0,4
476,1,5
476,2,5
476,3,3
476,5,4
476,6,5
476,7,4
476,8,4
476,9,3
477,0,4
477,1,4
477,2,4
477,4,3
477,6,4
477,7,4
477,8,4
478,1,4
478,2,4
478,3,4
478,4,5
478,5,5
478,6,3
478,7,4
478,8,4
479,1,4
479,2,5
479,4,3
479,5,4
479,6,4
479,7,3
479,8,3
479,9,3
480,0,4
480,1,3
480,3,4
480,5,5
480,6,4
480,7,3
480,8,5
481,2,4
481,4,4
481,5,4
481,6,3
481,7,4
481,8,4
481,9,3
482,0,4
482,1,3
482,2,4
482,3,5
482,5,4
482,6,4
482,8,4
482,9,4
483,1,4
483,2,4
484,0,4
484,1,5
484,2,4
484,3,3
484,4,4
484,6,4
484,7,5
484,8,5
484,9,4
485,0,3
485,1,4
485,2,4
485,5,4
485,6,4
485,7,5
485,9,3
486,0,4
486,1,4
486,3,4
486,4,4
486,5,5
486,6,4
486,7,3
487,0,4
487,1,4
487,2,3
487,3,4
487,4,3
487,5,4
487,6,4
487,7,5
487,8,5
487,9,3
488,0,3
488,1,4
488,2,4
488,3,4
488,5,5
488,6,4
489,0,5
489,1,4
489,3,3
489,5,4
489,6,4
489,7,3
489,8,4
490,1,4
490,2,4
490,3,4
490,5,4
490,7,3
490,8,4
490,9,4
491,0,4
491,1,4
491,2,5
491,5,4
491,7,4
491,8,5
491,9,4
492,0,4
492,1,3
492,2,4
492,4,4
492,5,3
492,6,4
492,7,4
492,8,4
493,0,3
493,1,4
493,2,5
493,3,4
493,4,4
493,5,5
493,6,3
493,7,4
493,8,5
493,9,5
494,3,4
494,4,4
494,5,4
494,8,5
494,9,4
495,0,4
495,1,3
495,2,4
495,4,4
495,6,4
495,8,4
496,1,5
496,3,5
496,7,5
496,8,4
496,9,4
497,0,4
497,1,5
497,2,4
497,3,4
497,5,4
497,6,3
497,7,3
497,8,4
497,9,3
498,0,4
498,1,5
498,3,3
498,5,4
498,6,4
498,7,4
498,9,4
499,0,3
499,1,4
499,2,5
499,4,4
499,5,4
499,7,2
499,8,4
500,1,5
500,2,4
500,4,4
500,6,5
500,7,3
500,8,4
500,9,5
501,0,4
501,1,4
501,2,4
501,3,3
501,4,3
501,6,4
501,9,3
502,0,3
502,1,5
502,2,4
502,4,5
502,5,4
502,7,3
502,8,5
502,9,4
503,0,4
503,1,5
503,2,4
503,5,4
503,6,4
503,7,4
503,8,4
503,9,4
504,0,3
504,1,4
504,4,5
504,5,4
504,7,3
504,8,4
504,9,4
505,1,5
505,4,4
505,5,4
505,6,3
505,7,3
505,8,4
506,1,4
506,2,4
506,3,3
506,4,4
506,5,4
506,6,4
506,7,4
506,8,3
507,0,5
507,2,4
507,4,4
507,5,4
507,7,5
507,8,4
507,9,2
508,0,3
508,4,4
508,5,4
508,6,4
508,7,4
508,9,5
509,0,4
509,3,4
509,5,4
509,6,4
509,7,4
509,8,4
509,9,4
510,2,4
510,3,4
510,4,4
510,6,4
510,7,2
510,8,5
510,9,4
511,1,3
511,2,3
511,3,3
511,4,4
511,5,3
511,7,4
512,1,4
512,3,4
512,5,5
512,6,5
512,7,4
512,8,5
513,0,4
513,1,4
513,3,3
513,6,4
513,8,5
513,9,4
514,1,4
514,3,4
514,4,4
514,5,3
514,6,3
514,8,5
515,0,3
515,1,4
515,2,3
515,4,4
515,5,5
515,7,4
515,8,4
515,9,4
516,0,3
516,1,4
516,2,5
516,3,5
516,5,5
516,6,3
516,8,4
516,9,3
517,1,5
517,2,4
517,4,5
517,5,4
517,6,5
517,8,4
517,9,4
518,0,4
518,2,4
518,3,3
518,4,4
518,5,4
518,7,4
518,8,4
519,0,3
519,1,4
519,3,3
519,5,5
519,6,4
519,7,4
519,8,4
519,9,3
520,0,4
520,1,4
520,2,4
520,4,3
520,5,4
520,8,4
521,0,4
521,1,4
521,2,5
521,3,4
521,5,5
521,6,4
521,7,4
521,8,4
521,9,4
522,0,4
522,2,5
522,3,4
522,4,3
522,5,4
522,6,4
522,7,4
522,8,3
522,9,3
523,0,3
523,1,5
523,2,3
523,5,4
523,6,3
523,7,4
523,8,5
523,9,4
524,1,4
524,3,4
524,4,4
524,5,5
524,7,5
524,8,4
524,9,5
525,0,4
525,1,3
525,2,4
525,3,4
525,4,3
525,7,3
525,8,5
525,9,4
526,1,3
526,5,4
526,6,5
526,7,4
526,8,3
527,0,5
527,1,5
527,2,5
527,4,3
527,5,4
527,6,5
527,8,4
528,0,3
528,1,5
528,2,3
528,3,4
528,4,4
528,5,4
528,7,3
528,8,4
529,0,5
529,1,4
529,2,4
529,3,3
529,5,4
529,8,4
530,1,4
530,3,5
530,5,4
530,7,4
530,8,5
530,9,4
531,0,3
531,1,3
531,2,4
531,3,4
531,6,4
531,8,4
532,1,4
532,4,3
532,6,4
532,7,3
532,8,5
533,0,5
533,2,4
533,6,4
533,7,4
533,8,4
534,3,5
534,5,3
534,8,4
534,9,3
535,0,4
535,1,5
535,2,4
535,4,4
535,5,5
535,6,4
535,7,4
535,8,4
536,0,3
536,1,5
536,2,3
536,3,5
536,4,4
536,5,3
536,6,4
536,7,4
536,8,4
537,0,4
537,1,4
537,2,5
537,5,4
537,7,4
538,0,4
538,1,4
538,2,5
538,3,3
538,5,4
538,6,4
538,7,4
538,9,3
539,0,4
539,1,4
539,3,4
539,6,5
539,7,4
539,9,3
540,0,4
540,1,5
540,2,5
540,4,4
540,5,4
540,6,4
540,7,4
540,8,5
541,0,5
541,2,4
541,3,4
541,4,4
541,6,4
541,7,4
541,8,4
541,9,4
542,0,4
542,1,5
542,3,4
542,5,5
542,6,4
542,8,4
542,9,4
543,0,4
543,1,4
543,2,4
543,4,4
543,5,5
543,6,4
543,7,4
543,8,4
543,9,4
544,0,4
544,1,4
544,2,4
544,4,4
544,5,4
544,6,4
544,7,4
544,8,5
544,9,5
545,0,4
545,2,5
545,3,4
545,5,3
545,6,4
545,8,4
546,0,3
546,1,5
546,2,3
546,3,3
546,4,4
546,5,4
546,8,4
546,9,4
547,1,4
547,2,4
547,5,4
547,6,4
547,7,3
547,8,4
548,0,4
548,1,4
548,3,4
548,4,3
548,5,5
548,8,4
549,0,5
549,1,4
549,2,4
549,5,5
549,6,4
549,7,4
549,8,4
550,0,5
550,2,4
550,3,3
550,5,4
550,6,5
550,8,3
550,9,3
551,0,4
551,2,4
551,5,4
551,7,3
552,0,4
552,1,5
552,2,4
552,3,4
552,4,2
552,5,4
552,6,5
552,8,4
553,0,5
553,1,4
553,2,3
553,3,3
553,4,4
553,5,5
553,8,4
554,0,4
554,2,4
554,3,4
554,4,3
554,5,4
554,6,4
554,7,4
554,8,5
554,9,5
555,0,5
555,1,3
555,2,4
555,5,4
555,6,4
555,7,4
555,8,4
556,1,4
556,2,4
556,4,2
556,6,5
556,7,5
556,8,3
557,0,4
557,1,4
557,5,4
557,6,5
557,7,4
557,8,4
558,0,4
558,3,4
559,0,4
559,2,5
559,4,3
559,5,5
559,6,5
559,7,5
559,8,4
560,0,3
560,1,4
560,2,3
560,8,4
561,0,4
561,1,5
561,2,3
561,3,4
561,4,4
561,6,4
561,7,5
561,8,4
561,9,5
562,1,4
562,6,4
562,9,4
563,0,5
563,2,4
563,5,4
563,6,4
563,7,4
563,8,4
564,0,4
564,1,5
564,2,5
564,3,3
564,4,3
564,5,5
564,6,4
564,7,4
564,8,4
564,9,4
565,0,4
565,2,3
565,4,3
565,5,5
565,6,3
565,7,4
565,8,4
565,9,3
566,0,4
566,1,5
566,2,3
566,5,4
566,6,4
566,7,4
566,8,5
567,0,4
567,2,3
567,7,3
568,0,4
568,2,4
568,3,4
568,5,4
568,6,4
568,8,5
568,9,3
569,0,4
569,1,4
569,2,3
569,5,4
569,6,4
569,7,4
569,8,4
569,9,3
570,0,4
570,2,4
570,4,3
570,6,5
570,7,5
570,8,4
571,0,5
571,1,5
571,2,3
571,3,3
571,6,4
571,7,4
571,8,4
571,9,3
572,0,4
572,1,5
572,2,4
572,3,4
572,5,4
572,6,5
572,7,5
572,8,4
572,9,4
573,0,4
573,2,4
573,5,4
573,8,4
574,0,5
574,1,5
574,2,5
574,6,4
574,7,5
574,8,4
575,1,4
575,2,4
575,3,4
575,4,3
575,7,4
576,1,4
576,2,3
576,3,4
576,4,5
576,5,4
577,1,5
577,2,4
577,4,4
577,5,4
577,6,4
577,7,4
577,8,5
578,1,3
578,3,5
578,4,5
578,5,4
578,9,4
579,0,4
579,2,4
579,3,3
579,5,4
579,7,3
579,8,4
579,9,4
580,0,3
580,3,5
580,4,5
580,8,4
580,9,4
581,0,4
581,1,4
581,2,4
581,3,3
581,5,4
581,6,4
581,7,5
581,8,5
582,0,4
582,1,4
582,2,3
582,3,4
582,4,3
582,5,5
582,6,4
582,7,4
582,8,4
582,9,3
583,0,4
583,1,4
583,2,4
583,3,4
583,5,5
583,6,3
583,8,5
584,0,4
584,4,3
584,5,4
585,0,5
585,1,4
585,2,4
585,3,4
585,4,3
585,5,4
585,7,4
585,8,4
586,0,4
586,1,5
586,2,5
586,5,5
586,6,4
586,7,4
586,8,3
586,9,4
587,1,4
587,2,3
587,3,4
587,4,3
587,5,4
587,6,4
587,7,4
588,0,4
588,1,4
588,3,5
588,4,4
588,5,4
588,6,4
588,7,4
588,8,5
589,0,5
589,1,4
589,2,4
589,4,4
589,7,5
590,0,3
590,1,3
590,2,5
590,4,5
590,7,4
590,8,4
591,1,4
591,2,3
591,3,5
591,4,5
591,5,4
591,8,4
591,9,5
592,1,4
592,3,3
592,4,5
592,5,5
592,6,4
592,8,5
592,9,4
593,0,5
593,1,5
593,3,5
593,4,5
593,5,4
593,8,5
594,0,4
594,1,4
594,4,4
594,5,5
594,6,4
594,7,3
594,8,5
595,0,5
595,1,4
595,2,4
595,4,3
595,6,4
595,7,5
596,2,4
596,3,4
596,4,4
596,6,3
596,8,4
596,9,4
597,1,3
597,3,5
597,4,4
597,5,5
597,6,3
597,8,5
597,9,4
598,0,5
598,2,4
598,4,3
598,6,4
598,7,4
598,8,4
599,1,5
599,3,4
599,4,4
599,5,4
599,6,4
599,7,4
599,8,4
600,0,3
600,1,4
600,2,4
600,3,3
600,6,4
600,7,4
600,8,5
600,9,4
601,0,3
601,2,4
601,3,3
601,5,4
601,6,4
601,7,3
601,8,5
602,0,4
602,1,4
602,4,3
602,5,5
602,7,4
602,8,4
602,9,4
603,0,4
603,2,4
603,3,3
603,4,4
603,5,3
603,6,4
603,7,5
603,8,4
603,9,4
604,1,4
604,3,4
604,4,4
604,5,4
604,6,3
604,7,4
604,8,4
604,9,4
605,0,3
605,1,4
605,3,3
605,5,4
605,6,5
605,7,3
605,8,4
605,9,4
606,0,4
606,1,4
606,2,4
606,3,3
606,7,5
607,0,4
607,1,4
607,3,4
607,5,4
607,7,4
607,8,5
607,9,4
608,0,4
608,3,4
608,6,5
608,7,4
608,8,4
609,1,4
609,2,4
609,3,3
609,5,4
609,6,4
609,7,4
609,8,4
609,9,4
610,0,5
610,2,5
610,5,5
610,8,5
610,9,3
611,1,4
611,3,4
611,4,4
611,5,4
611,6,4
611,7,5
611,9,4
612,0,3
612,1,4
612,4,4
612,5,4
612,6,4
612,8,5
612,9,3
613,3,3
613,4,4
613,5,4
613,8,5
614,0,4
614,2,4
614,4,3
614,6,4
614,7,4
614,8,4
615,0,5
615,2,4
615,4,4
615,5,4
615,6,4
615,7,4
615,8,3
616,1,5
616,3,4
616,5,5
616,6,4
616,8,5
616,9,4
617,1,3
617,2,3
617,5,3
617,6,3
617,8,3
617,9,5
618,0,4
618,1,4
618,4,3
618,5,5
618,6,4
618,7,4
618,8,5
618,9,3
619,0,3
619,1,4
619,2,4
619,4,4
619,5,4
619,6,4
619,8,4
619,9,3
620,1,3
620,3,4
620,9,3
621,0,2
621,1,4
621,3,4
621,5,4
621,7,4
621,8,4
621,9,3
622,0,4
622,1,5
622,2,4
622,3,3
622,4,4
622,5,4
622,6,5
622,8,5
622,9,3
623,1,4
623,3,3
623,5,4
623,6,4
623,7,4
623,8,4
624,0,3
624,1,5
624,2,2
624,3,4
624,4,4
624,8,4
624,9,4
625,0,4
625,1,4
625,2,5
625,5,5
625,6,3
626,0,3
626,1,4
626,2,5
626,3,4
626,4,4
626,5,5
626,7,4
626,8,4
626,9,3
627,0,4
627,1,4
627,3,4
627,4,4
627,6,2
627,7,4
627,8,4
627,9,4
628,1,4
628,3,4
628,6,4
628,7,3
629,0,5
629,2,3
629,3,5
629,4,3
629,5,4
629,6,4
629,7,4
630,0,4
630,1,4
630,2,4
630,4,3
630,5,4
630,6,4
630,7,4
630,8,5
630,9,3
631,1,4
631,2,3
631,3,4
631,4,4
631,6,4
631,7,4
631,8,4
631,9,4
632,0,4
632,1,5
632,3,4
632,4,3
632,5,4
632,6,3
632,7,4
632,8,4
632,9,3
633,1,5
633,2,4
633,3,4
633,4,4
633,5,5
633,6,4
633,8,3
633,9,3
634,0,4
634,1,4
634,2,5
634,3,3
634,4,3
634,5,4
634,6,4
634,7,5
634,8,4
635,1,4
635,4,4
635,5,4
635,7,3
635,8,3
635,9,4
636,0,4
636,3,4
636,6,4
636,7,4
636,8,5
636,9,4
637,0,4
637,2,4
637,7,5
638,0,3
638,1,5
638,3,4
638,5,5
638,6,3
638,7,3
638,8,5
638,9,5
639,0,4
639,1,4
639,2,4
639,3,4
639,5,5
639,6,4
639,7,5
639,8,4
639,9,4
640,0,4
640,1,4
640,3,5
640,4,4
640,5,5
640,6,3
640,7,5
640,8,5
641,0,4
641,1,3
641,3,4
641,6,3
641,7,4
641,8,4
641,9,4
642,1,3
642,3,3
642,4,5
642,5,4
642,6,4
642,8,5
643,1,4
643,2,5
643,3,4
643,5,4
643,6,4
643,8,5
644,0,4
644,1,3
644,2,4
644,4,4
644,5,4
644,6,4
645,2,4
645,3,4
645,4,4
645,5,4
645,7,4
645,8,5
645,9,4
646,0,4
646,2,4
646,5,4
646,7,3
646,8,5
647,0,4
647,1,5
647,2,3
647,5,4
647,8,4
647,9,3
648,0,5
648,1,4
648,3,3
648,4,3
648,5,4
648,6,5
648,7,4
649,0,5
649,1,5
649,4,4
649,5,5
649,6,5
650,0,4
650,2,4
650,6,4
650,7,4
650,9,3
651,0,4
651,1,3
651,2,4
651,5,4
651,6,4
651,8,4
652,0,3
652,2,4
652,3,4
652,5,5
652,7,5
652,8,4
652,9,3
653,0,3
653,1,5
653,2,4
653,3,5
653,4,4
653,5,4
653,6,3
653,7,4
653,8,5
653,9,3
654,1,4
654,2,5
654,3,4
654,7,5
654,8,4
654,9,3
655,1,4
655,2,4
655,4,4
655,5,4
655,6,4
655,7,5
655,8,4
655,9,4
656,1,4
656,3,3
656,4,4
656,5,4
656,6,4
656,7,3
656,8,4
656,9,4
657,0,4
657,1,4
657,2,4
657,5,3
657,6,4
657,7,4
658,0,4
658,2,4
658,7,4
658,8,3
659,1,4
659,3,4
659,4,3
659,5,4
659,6,4
659,7,4
659,8,5
660,0,3
660,3,5
660,4,4
660,5,5
660,8,3
660,9,5
661,0,4
661,1,5
661,3,4
661,4,4
661,5,4
661,6,4
661,7,4
661,8,4
661,9,4
662,0,4
662,3,4
662,4,5
662,5,4
662,6,3
662,8,5
662,9,4
663,0,3
663,1,4
663,2,4
663,3,3
663,5,4
663,6,4
663,9,4
664,1,4
664,2,4
664,5,4
664,6,4
664,7,4
664,8,4
664,9,3
665,0,4
665,1,4
665,4,5
665,5,4
665,6,4
665,7,4
665,9,4
666,0,5
666,1,4
666,2,4
666,7,4
666,8,5
666,9,3
667,1,3
667,3,4
667,5,4
667,8,4
667,9,4
668,0,3
668,2,4
668,3,3
668,9,3
669,0,5
669,1,4
669,2,5
669,5,5
669,6,3
669,7,4
669,8,4
670,0,4
670,1,5
670,2,4
670,4,3
670,5,4
670,6,5
670,7,4
670,8,4
671,0,3
671,1,5
671,4,4
671,5,4
671,7,4
671,8,4
672,4,4
672,5,3
672,6,4
672,7,4
672,8,4
672,9,4
673,0,3
673,1,4
673,2,4
673,3,5
673,5,4
673,6,4
673,7,4
673,8,4
673,9,4
674,0,3
674,1,4
674,2,4
674,5,5
674,6,5
674,7,4
675,1,4
675,3,4
675,8,4
675,9,5
676,0,5
676,1,4
676,2,4
676,4,4
676,5,4
676,7,4
676,8,5
677,0,5
677,2,4
677,5,4
677,6,4
677,7,4
678,0,4
678,1,4
678,2,4
678,6,3
678,7,4
678,8,4
679,0,5
679,1,3
679,2,4
679,4,3
679,6,4
679,7,4
679,9,2
680,0,4
680,1,4
680,2,4
680,3,4
680,5,4
680,6,5
680,7,4
680,8,4
680,9,4
681,1,3
681,2,4
681,4,4
681,5,4
681,7,4
681,8,4
682,0,4
682,1,5
682,2,5
682,3,3
682,5,4
682,6,4
682,7,4
682,9,4
683,1,5
683,2,4
683,3,4
683,5,5
683,8,4
683,9,4
684,0,3
684,1,4
684,3,4
684,4,5
684,6,3
684,7,2
684,8,4
684,9,4
685,0,4
685,1,5
685,2,4
685,4,3
685,5,5
685,6,4
685,7,5
685,8,4
685,9,4
686,0,5
686,2,5
686,3,3
686,5,4
686,6,5
686,7,4
686,8,3
686,9,4
687,0,4
687,1,4
687,2,3
687,3,4
687,4,3
687,5,5
687,8,5
687,9,4
688,0,3
688,3,4
688,4,4
688,5,5
688,6,4
688,8,5
688,9,4
689,0,4
689,4,5
689,8,4
690,0,3
690,1,4
690,2,4
690,3,4
690,4,4
690,5,3
690,6,3
690,7,3
690,8,5
690,9,4
691,1,5
691,3,4
691,7,3
691,8,4
691,9,4
692,0,4
692,1,4
692,2,4
692,5,4
692,6,5
692,8,5
693,0,4
693,1,4
693,4,3
693,5,4
693,6,4
693,7,4
693,8,4
693,9,4
694,0,4
694,1,4
694,2,5
694,3,3
694,5,5
694,6,4
694,7,4
694,8,4
694,9,4
695,1,4
695,4,5
695,5,5
695,6,4
695,7,4
695,8,5
695,9,4
696,2,5
696,3,4
696,4,4
696,5,5
696,6,4
697,1,5
697,2,4
697,3,3
697,4,4
697,7,3
697,8,3
697,9,4
698,0,4
698,3,5
698,4,3
698,5,4
698,6,4
698,7,4
698,8,5
699,1,5
699,2,3
699,3,4
699,4,4
699,8,4
699,9,4
700,1,4
700,2,4
700,5,4
700,6,4
700,8,3
701,1,5
701,2,4
701,3,4
701,4,5
701,5,5
701,6,4
701,8,4
701,9,4
702,1,4
702,3,4
702,5,5
702,7,3
702,8,5
702,9,5
703,0,3
703,1,4
703,2,3
703,3,4
703,5,5
703,7,3
703,8,4
703,9,3
704,0,3
704,1,4
704,2,4
704,3,3
704,4,4
704,6,4
704,8,4
705,0,4
705,1,3
705,2,5
705,5,4
705,6,4
705,8,5
706,1,4
706,2,5
706,3,4
706,6,5
706,7,3
706,8,5
707,2,4
707,4,4
707,5,5
707,7,4
707,8,4
707,9,4
708,0,4
708,2,3
708,3,5
708,4,4
708,5,5
708,6,3
708,8,4
708,9,3
709,1,3
709,3,4
709,4,4
709,8,3
709,9,4
710,0,4
710,1,4
710,2,4
710,3,4
710,5,4
710,7,4
710,8,5
710,9,4
711,0,4
711,1,3
711,2,3
711,5,4
711,6,3
711,7,4
711,8,4
712,0,4
712,1,5
712,2,4
712,4,4
712,5,4
712,7,5
713,0,5
713,1,5
713,3,3
713,4,3
713,5,5
713,6,4
713,8,4
714,0,4
714,1,4
714,2,5
714,5,5
714,7,4
714,8,4
715,1,4
715,3,4
715,4,4
715,5,4
715,6,4
715,8,4
715,9,5
716,1,5
716,2,4
716,3,5
716,4,4
716,5,4
716,6,4
716,8,4
717,1,4
717,2,5
717,3,3
717,5,4
717,6,4
717,7,4
717,8,5
718,1,4
718,2,4
718,3,4
718,4,4
718,5,4
718,6,3
718,7,4
718,8,5
718,9,3
719,0,4
719,1,4
719,2,4
719,4,4
719,6,5
719,7,4
720,0,4
720,1,3
720,4,3
720,5,4
720,7,4
720,8,4
720,9,4
721,0,4
721,1,4
721,4,5
721,6,4
721,7,4
721,9,3
722,1,4
722,3,5
722,4,4
722,5,4
722,9,5
723,0,3
723,4,4
723,5,5
723,6,4
723,7,4
723,8,5
723,9,5
724,1,4
724,2,3
724,4,4
724,5,4
724,6,3
724,8,5
724,9,3
725,0,4
725,1,4
725,2,4
725,3,5
725,4,5
725,5,4
725,7,4
726,0,4
726,1,4
726,2,4
726,6,4
726,7,4
726,8,5
727,0,3
727,1,4
727,4,4
727,8,3
727,9,4
728,0,4
728,1,5
728,2,4
728,4,4
728,5,5
728,7,4
728,8,4
728,9,4
729,1,4
729,4,3
729,5,4
729,8,4
729,9,5
730,1,4
730,2,3
730,3,5
730,4,5
730,5,3
730,7,4
730,8,4
730,9,4
731,0,3
731,1,4
731,3,4
731,4,4
731,5,5
731,6,4
731,7,3
732,0,3
732,3,4
732,4,5
732,5,4
732,6,4
732,9,4
733,1,4
733,2,3
733,3,5
733,4,4
733,5,4
733,6,3
733,8,3
733,9,5
734,1,3
734,2,4
734,3,3
734,5,4
734,6,4
734,7,4
734,8,5
734,9,3
735,1,4
735,2,4
735,3,4
735,5,4
735,6,3
735,7,4
735,9,4
736,0,4
736,1,4
736,3,3
736,4,5
736,5,5
736,6,4
736,7,4
736,8,5
736,9,4
737,0,4
737,1,5
737,5,4
737,6,3
737,7,4
737,9,4
738,0,3
738,3,4
738,4,4
738,5,4
738,6,4
738,7,3
738,8,4
738,9,4
739,0,3
739,3,4
739,4,4
739,5,4
739,7,3
739,8,3
739,9,5
740,0,3
740,1,4
740,4,4
740,5,4
740,7,3
740,8,3
740,9,5
741,0,4
741,2,3
741,3,4
741,4,4
741,7,4
741,8,4
741,9,3
742,0,5
742,2,4
742,4,3
742,6,5
742,7,5
742,8,4
743,0,3
743,1,4
743,3,4
743,4,4
743,5,4
743,6,4
743,7,3
743,8,5
744,1,4
744,3,5
744,4,3
744,8,4
744,9,5
745,1,5
745,3,3
745,5,5
745,6,4
745,7,4
745,8,4
746,3,4
746,4,3
746,5,4
746,6,3
746,8,5
747,1,4
747,2,4
747,3,5
747,6,4
747,7,4
747,8,5
747,9,4
748,0,3
748,2,5
748,3,4
748,5,3
748,6,4
748,7,4
748,8,4
749,1,4
749,4,3
749,5,5
749,6,4
749,8,5
749,9,5
750,1,4
750,2,3
750,3,4
750,4,4
750,5,4
750,6,3
750,7,4
750,8,5
751,3,5
751,4,4
751,5,3
751,6,3
751,7,4
751,8,4
751,9,4
752,1,4
752,4,5
752,7,3
752,8,4
752,9,4
753,0,4
753,1,5
753,4,4
753,5,4
753,6,4
753,7,4
753,8,4
753,9,4
754,0,3
754,3,4
754,4,5
754,5,3
754,6,4
754,7,3
754,8,3
754,9,4
755,2,4
755,3,4
755,4,3
755,5,4
755,6,3
755,8,4
755,9,4
756,0,4
756,1,4
756,2,5
756,3,4
756,4,3
756,6,5
756,7,4
756,8,4
757,1,4
757,2,4
757,3,4
757,4,4
757,5,5
757,7,3
757,8,4
757,9,5
758,0,4
758,1,5
758,3,3
758,4,5
758,5,4
758,7,3
758,8,5
758,9,4
759,0,4
759,1,4
759,3,4
759,4,4
760,0,3
760,3,5
760,4,5
760,5,3
760,7,3
760,8,4
760,9,5
761,0,3
761,1,5
761,2,4
761,4,3
761,5,5
761,6,3
761,7,4
761,8,4
762,1,4
762,2,4
762,3,4
762,4,4
762,5,4
762,6,4
762,7,4
762,8,4
762,9,4
763,0,4
763,1,4
763,2,3
763,3,3
763,4,4
763,5,4
763,6,4
763,7,5
763,8,4
763,9,3
764,0,4
764,1,4
764,3,4
764,4,3
764,5,4
764,8,4
765,0,4
765,1,4
765,2,5
765,6,4
765,7,4
765,8,4
765,9,4
766,0,5
766,2,4
766,3,3
766,4,4
766,5,4
766,7,4
766,9,5
767,3,5
767,4,4
767,8,5
767,9,4
768,1,5
768,2,4
768,5,4
768,6,4
768,8,4
769,1,4
769,3,5
769,4,3
769,5,4
769,8,4
770,1,3
770,2,4
770,3,4
770,4,4
770,5,4
770,6,4
770,7,3
770,8,5
770,9,3
771,1,5
771,3,5
771,4,5
771,5,4
771,7,4
771,8,4
771,9,4
772,1,4
772,2,4
772,3,4
772,5,5
772,6,4
772,7,3
772,8,5
772,9,4
773,1,4
773,3,4
773,4,5
773,5,3
773,7,3
773,8,4
773,9,5
774,0,4
774,1,5
774,5,5
774,6,4
774,7,4
774,9,4
775,1,3
775,2,4
775,5,4
775,6,3
775,8,4
775,9,4
776,0,4
776,1,4
776,3,4
776,4,5
776,6,4
776,8,4
776,9,4
777,1,4
777,5,4
777,6,5
777,7,5
777,8,5
777,9,4
778,0,4
778,3,4
778,4,3
778,5,3
778,6,4
778,8,4
778,9,3
779,0,5
779,1,5
779,2,5
779,3,3
779,4,5
779,6,4
779,7,4
779,8,4
779,9,4
780,0,4
780,1,4
780,2,4
780,3,4
780,5,4
780,6,5
780,8,5
780,9,4
781,0,3
781,2,4
781,3,4
781,4,4
781,5,4
781,8,5
781,9,4
782,0,3
782,1,4
782,3,4
782,4,4
782,5,5
782,6,4
782,7,2
782,8,4
782,9,4
783,0,5
783,4,4
783,5,5
783,6,4
783,8,4
783,9,3
784,0,4
784,1,4
784,2,4
784,3,4
784,5,5
784,7,4
784,9,5
785,1,5
785,3,4
785,4,4
785,5,5
785,6,4
785,7,3
785,9,4
786,0,4
786,1,5
786,2,5
786,3,4
786,4,3
786,5,5
786,7,3
786,8,4
787,0,4
787,2,3
787,3,3
787,4,3
787,5,3
787,7,3
787,8,4
787,9,4
788,1,5
788,2,4
788,3,5
788,4,4
788,5,5
788,6,5
788,8,4
788,9,4
789,1,4
789,3,4
789,4,4
789,5,5
789,8,5
789,9,3
790,0,4
790,1,4
790,3,4
790,4,3
790,5,4
790,6,3
790,7,4
790,8,4
790,9,4
791,1,3
791,2,4
791,4,4
791,5,3
791,8,4
791,9,5
792,7,3
792,8,5
792,9,4
793,0,4
793,1,4
793,2,3
793,3,3
793,4,4
793,5,4
793,7,3
793,8,3
794,0,4
794,1,3
794,3,4
794,4,4
794,5,4
794,9,5
795,1,4
795,2,3
795,3,5
795,4,4
795,9,4
796,0,3
796,1,3
796,2,4
796,3,4
796,4,4
796,6,4
796,8,5
796,9,5
797,0,4
797,3,5
797,4,4
797,5,4
797,9,5
798,1,5
798,3,5
798,5,4
798,7,4
798,8,5
798,9,4
799,0,4
799,1,4
799,2,4
799,4,4
799,6,4
799,7,4
799,9,5
800,0,5
800,2,4
800,4,4
800,6,4
800,7,4
800,8,4
801,1,4
801,2,3
801,4,4
801,5,4
801,7,3
801,8,5
801,9,4
802,0,5
802,1,4
802,2,4
802,3,3
802,5,5
802,8,4
802,9,4
803,0,4
803,1,5
803,2,4
803,5,4
803,6,4
803,7,4
803,8,4
803,9,4
804,1,5
804,2,3
804,3,3
804,4,4
804,5,4
804,6,4
804,8,5
804,9,3
805,1,3
805,2,3
805,4,5
805,5,5
805,6,4
805,7,4
805,8,4
805,9,4
806,0,4
806,2,3
806,3,4
806,4,4
806,5,4
806,7,4
806,8,4
806,9,4
807,1,3
807,2,3
807,3,5
807,4,4
807,6,3
807,7,3
807,8,3
808,1,4
808,5,4
808,7,3
808,8,4
808,9,4
809,0,3
809,1,4
809,2,4
809,3,4
809,4,3
809,5,4
809,7,4
809,8,4
809,9,5
810,0,4
810,1,4
810,4,3
810,5,4
810,6,4
810,7,4
810,8,4
810,9,4
811,4,4
811,5,4
811,7,3
811,8,5
811,9,5
812,1,4
812,3,4
812,4,4
812,7,3
812,9,4
813,0,3
813,3,3
813,5,4
813,6,4
813,9,4
814,1,4
814,2,3
814,4,4
814,6,4
814,7,4
814,8,5
814,9,3
815,0,3
815,1,3
815,3,5
815,4,5
815,5,3
815,8,3
815,9,4
816,0,4
816,1,4
816,2,5
816,3,4
816,4,4
816,5,4
816,7,4
816,8,5
817,0,4
817,1,4
817,2,4
817,3,4
817,4,5
817,5,4
817,7,4
817,8,4
817,9,4
818,0,4
818,1,4
818,3,4
818,5,5
818,6,5
818,7,4
818,8,3
819,0,4
819,3,3
819,5,4
819,6,4
819,7,4
819,8,4
819,9,2
820,0,4
820,2,4
820,5,5
820,6,5
820,7,5
820,8,4
820,9,4
821,0,4
821,1,4
821,5,4
821,9,4
822,0,3
822,1,3
822,3,4
822,4,5
822,5,5
822,8,4
822,9,4
823,0,4
823,1,4
823,2,4
823,3,4
823,4,3
823,5,4
823,6,4
823,8,4
823,9,3
824,2,4
824,4,4
824,5,3
824,6,4
824,8,5
824,9,4
825,0,4
825,1,4
825,2,4
825,5,4
825,6,4
825,7,5
825,8,3
825,9,3
826,0,4
826,1,4
826,5,3
826,6,4
826,7,4
826,8,4
826,9,4
827,0,4
827,2,4
827,6,4
827,7,4
827,8,3
828,1,3
828,2,4
828,3,4
828,4,3
828,5,5
828,8,4
828,9,4
829,0,4
829,1,4
829,2,4
829,3,3
829,5,3
829,6,4
829,7,5
829,8,4
830,0,5
830,1,4
830,3,4
830,6,5
830,7,4
830,9,3
831,0,5
831,1,4
831,2,5
831,5,3
831,7,4
832,1,5
832,5,4
832,7,3
832,8,4
832,9,4
833,0,3
833,1,4
833,5,3
833,6,4
833,7,5
834,1,5
834,2,5
834,3,4
834,4,3
834,5,4
834,8,4
834,9,4
835,0,3
835,2,4
835,7,3
835,8,3
836,1,3
836,2,5
836,3,4
836,6,4
836,7,4
836,9,4
837,0,3
837,1,5
837,2,4
837,3,4
837,5,5
837,7,4
837,9,4
838,0,4
838,2,4
838,5,3
838,6,5
838,7,5
839,0,4
839,1,4
839,2,5
839,5,4
839,8,4
840,0,4
840,1,3
840,5,4
840,6,5
840,8,4
840,9,3
841,0,4
841,1,5
841,2,5
841,4,4
841,5,5
841,8,4
842,0,4
842,5,4
842,6,4
842,7,4
842,8,4
842,9,4
843,1,4
843,2,3
843,3,5
843,4,5
843,5,4
843,9,4
844,1,4
844,3,3
844,4,5
844,5,5
844,6,5
844,7,4
844,8,5
844,9,3
845,1,4
845,2,3
845,4,4
845,5,5
845,8,5
846,1,5
846,2,5
846,4,3
846,5,4
846,6,5
846,8,4
847,1,4
847,2,4
847,3,3
847,4,3
847,6,4
847,8,3
848,0,4
848,2,4
848,6,4
848,7,5
848,8,4
849,0,4
849,2,4
849,5,3
849,6,4
849,7,3
850,0,4
850,1,5
850,2,5
850,3,3
850,4,3
850,5,4
850,6,4
850,7,3
850,9,3
851,0,4
851,1,4
851,2,3
851,3,5
851,5,4
851,6,4
851,7,4
851,8,4
851,9,4
852,0,5
852,1,5
852,2,4
852,5,4
852,6,4
852,7,5
852,8,4
853,0,4
853,2,3
853,3,5
853,4,4
853,5,4
853,8,4
853,9,5
854,1,4
854,2,4
854,3,3
854,4,4
854,5,4
854,6,5
854,7,5
854,8,4
855,0,4
855,1,5
855,2,4
855,3,4
855,4,4
855,5,4
855,7,5
855,8,5
856,0,3
856,1,4
856,5,4
856,7,4
856,8,5
856,9,4
857,0,3
857,1,4
857,2,3
857,3,4
857,4,3
857,5,4
857,8,5
858,0,4
858,1,4
858,2,4
858,4,2
858,5,3
858,6,5
858,7,3
858,8,4
859,1,4
859,2,4
859,4,2
859,5,4
859,6,4
859,8,5
859,9,4
860,0,5
860,1,4
860,2,4
860,3,3
860,5,3
860,6,4
860,7,3
861,0,4
861,1,4
861,2,3
861,5,5
861,6,5
861,8,5
862,0,4
862,1,4
862,2,3
862,4,4
862,5,5
862,7,3
862,8,4
863,1,5
863,2,4
863,4,4
863,6,5
863,7,3
863,8,4
863,9,4
864,1,3
864,3,5
864,4,4
864,5,3
864,6,4
864,8,4
864,9,5
865,1,4
865,2,5
865,3,3
865,6,5
865,7,5
866,0,5
866,1,4
866,5,5
866,6,4
866,7,5
866,8,5
867,0,4
867,3,5
867,4,4
867,6,4
867,8,5
867,9,4
868,0,4
868,1,5
868,2,4
868,3,3
868,4,4
868,5,4
868,6,4
868,7,5
868,8,4
869,0,3
869,1,4
869,2,5
869,5,3
869,6,5
869,8,3
869,9,3
870,1,5
870,2,3
870,3,4
870,4,4
870,5,5
870,7,4
871,0,3
871,2,4
871,3,4
871,5,4
871,6,4
871,7,5
871,8,4
872,0,5
872,1,5
872,2,4
872,4,4
872,5,5
872,6,3
872,8,4
873,0,4
873,2,5
873,5,4
873,6,5
873,7,4
873,8,3
874,0,5
874,1,4
874,2,3
874,4,4
874,5,3
874,6,4
874,7,4
875,0,4
875,1,4
875,2,3
875,5,4
875,7,5
875,8,5
876,0,4
876,1,4
876,2,5
876,3,3
876,4,3
876,5,4
876,6,4
876,7,4
877,0,4
877,1,4
877,2,4
877,3,4
877,5,5
877,6,4
877,7,4
877,8,4
878,0,4
878,1,4
878,2,4
878,3,3
878,4,4
878,5,4
878,6,4
878,8,4
879,0,4
879,2,5
879,4,3
879,5,3
879,6,4
879,7,4
879,8,3
880,0,4
880,2,5
880,4,5
880,5,4
880,7,5
880,8,5
880,9,4
881,0,4
881,1,4
881,2,4
881,3,4
881,4,4
881,5,4
881,6,5
881,8,4
882,0,4
882,1,4
882,2,4
882,3,4
882,5,4
882,6,4
882,7,4
882,8,5
882,9,4
883,0,4
883,1,4
883,2,4
883,4,4
883,5,4
883,6,4
883,8,3
884,1,4
884,2,4
884,4,3
884,5,4
884,6,5
884,7,4
885,0,4
885,1,4
885,2,4
885,3,3
885,4,4
885,5,5
885,6,4
885,7,4
885,9,3
886,0,4
886,1,4
886,2,5
886,3,3
886,4,3
886,5,3
886,6,5
886,7,3
886,8,4
886,9,3
887,0,5
887,2,4
887,5,4
887,6,4
887,8,3
887,9,3
888,0,4
888,1,5
888,2,3
888,5,4
888,7,3
888,8,4
889,1,5
889,5,5
889,6,4
889,7,4
889,8,4
889,9,4
890,1,4
890,2,3
890,3,3
890,4,4
890,7,4
890,8,4
891,0,4
891,1,5
891,2,4
891,3,4
891,4,4
891,5,4
891,6,3
891,7,3
891,8,5
892,0,5
892,1,4
892,2,4
892,3,3
892,4,3
892,6,4
892,7,4
892,8,4
892,9,4
893,0,3
893,1,4
893,2,3
893,3,5
893,4,4
893,5,5
893,7,3
893,8,4
893,9,4
894,1,4
894,3,5
894,5,3
894,6,5
894,8,3
895,0,4
895,1,4
895,2,5
895,3,2
895,5,5
895,6,4
895,7,5
895,9,3
896,1,4
896,2,3
896,4,4
896,5,3
896,6,3
896,7,4
896,8,4
896,9,4
897,0,5
897,1,4
897,2,4
897,5,4
897,6,5
897,7,5
897,8,4
898,5,4
898,7,3
898,8,5
899,0,4
899,1,4
899,3,5
899,4,3
899,5,5
899,6,4
899,7,4
899,8,4
899,9,4
900,1,4
900,2,4
900,4,4
900,5,4
900,6,4
901,1,4
901,2,4
901,3,3
901,4,4
901,5,4
901,6,4
901,7,4
901,8,4
902,0,4
902,1,4
902,2,5
902,4,3
902,5,4
902,6,4
903,2,4
903,3,3
903,4,4
903,5,3
903,6,4
903,8,4
903,9,4
904,0,3
904,1,3
904,3,4
904,4,4
904,6,2
904,8,4
904,9,4
905,0,3
905,1,4
905,2,3
905,3,5
905,4,5
905,5,4
905,7,3
905,9,5
906,0,4
906,1,3
906,3,3
906,5,4
906,6,4
906,7,4
906,8,4
907,0,4
907,1,3
907,2,4
907,5,4
907,6,5
907,7,4
907,8,4
907,9,4
908,0,4
908,1,4
908,2,4
908,3,4
908,4,3
908,5,4
908,6,4
908,7,5
908,9,4
909,0,5
909,2,4
909,7,4
909,9,4
910,0,4
910,1,4
910,2,5
910,3,4
910,4,3
910,6,3
910,7,4
910,8,4
910,9,3
911,0,3
911,1,4
911,2,4
911,3,4
911,4,4
911,5,5
911,6,3
911,8,5
911,9,4
912,2,5
912,3,5
912,5,4
912,6,4
912,8,4
912,9,3
913,0,4
913,1,4
913,2,3
913,6,4
913,7,3
913,8,4
913,9,4
914,2,5
914,6,4
914,7,4
915,4,2
915,5,4
915,6,3
915,7,5
915,8,4
916,0,4
916,1,5
916,2,3
916,3,4
916,4,4
916,5,5
916,6,3
916,7,5
916,8,4
916,9,3
917,0,4
917,1,4
917,2,5
917,4,3
917,7,5
918,0,4
918,2,4
918,5,4
918,6,4
918,7,5
918,8,3
919,0,5
919,3,3
919,5,5
919,6,4
919,7,4
919,8,3
920,1,5
920,3,4
920,4,4
920,5,4
920,6,4
920,8,4
920,9,4
921,1,5
921,2,4
921,4,4
921,5,4
921,6,4
921,7,4
921,8,4
921,9,3
922,0,4
922,4,4
922,5,5
922,6,5
922,7,5
923,0,4
923,1,4
923,2,5
923,5,5
923,6,4
923,7,4
923,8,4
924,0,5
924,1,4
924,2,3
924,3,3
924,6,4
924,7,4
924,8,4
924,9,4
925,0,4
925,1,4
925,2,4
925,6,4
925,7,4
925,8,4
926,0,5
926,2,4
926,4,4
926,5,4
926,6,4
926,8,3
926,9,4
927,0,4
927,1,4
927,2,4
927,3,2
927,4,3
927,5,5
927,6,5
927,7,5
927,8,3
928,0,4
928,1,4
928,2,3
928,5,4
928,6,3
928,7,4
928,8,4
929,0,5
929,2,4
929,3,2
929,5,3
929,6,3
929,8,4
929,9,3
930,0,5
930,1,5
930,2,4
930,5,5
930,6,4
930,7,4
930,8,4
930,9,4
931,0,4
931,1,4
931,2,3
931,3,4
931,4,4
931,5,4
931,6,3
931,7,4
931,8,5
931,9,4
932,0,5
932,1,4
932,4,3
932,5,5
932,6,5
932,8,4
933,0,3
933,3,3
933,4,3
933,6,4
933,8,5
934,0,4
934,2,4
934,4,4
934,6,5
934,7,4
934,8,4
935,0,5
935,2,3
935,3,3
935,5,4
935,6,5
935,7,5
935,8,5
936,1,4
936,2,4
936,4,4
936,5,3
936,6,5
936,7,5
936,8,4
936,9,4
937,0,5
937,1,4
937,2,4
937,3,3
937,4,3
937,7,4
937,8,4
937,9,3
938,0,5
938,6,5
938,7,4
938,8,4
939,0,4
939,2,4
939,5,4
939,6,4
939,7,5
939,8,4
940,1,3
940,2,4
940,3,3
940,4,3
940,6,5
940,7,4
940,8,3
941,0,3
941,1,5
941,4,5
941,5,5
941,6,4
941,7,4
941,8,4
941,9,5
942,0,4
942,1,5
942,2,4
942,3,3
942,5,5
942,6,4
942,7,5
942,9,4
943,0,4
943,1,4
943,2,4
943,7,5
943,8,5
943,9,4
944,0,2
944,1,4
944,3,4
944,6,4
944,7,3
944,9,5
945,1,4
945,2,4
945,3,4
945,4,4
945,6,4
945,7,4
945,8,4
945,9,4
946,0,4
946,1,5
946,3,4
946,4,4
946,5,5
946,6,4
946,7,4
946,8,5
946,9,4
947,1,4
947,2,5
947,3,4
947,5,4
947,6,4
947,7,4
948,0,4
948,1,3
948,2,5
948,3,4
948,4,3
948,5,4
948,6,5
948,7,4
948,8,4
949,0,4
949,1,4
949,2,3
949,3,3
949,5,5
949,6,4
949,8,4
949,9,4
950,0,3
950,1,4
950,4,4
950,5,5
950,6,4
950,7,4
950,8,4
950,9,4
951,0,5
951,1,4
951,2,4
951,5,4
951,6,4
951,8,4
952,0,5
952,1,4
952,3,3
952,5,4
952,6,5
952,7,5
952,8,4
953,0,3
953,1,5
953,5,3
953,6,4
953,7,3
953,8,4
953,9,4
954,1,4
954,3,5
954,4,4
954,5,4
954,6,4
954,7,4
954,8,5
954,9,4
955,1,4
955,2,4
955,4,4
955,6,4
955,7,4
955,8,4
955,9,3
956,0,4
956,2,4
956,6,5
956,7,4
956,8,5
957,0,4
957,1,4
957,2,4
957,5,4
957,6,4
957,7,4
957,9,4
958,0,4
958,1,3
958,6,4
958,7,3
959,0,4
959,1,4
959,2,4
959,3,4
959,5,4
959,6,4
959,7,3
959,8,5
960,0,4
960,1,5
960,2,4
960,3,4
960,5,5
960,6,5
960,7,5
960,8,4
960,9,4
961,0,4
961,1,4
961,2,5
961,3,3
961,7,4
961,8,4
961,9,4
962,6,4
962,9,3
963,0,4
963,1,4
963,2,4
963,3,4
963,4,3
963,5,4
963,7,3
963,8,4
964,0,4
964,2,4
964,5,3
964,6,4
964,7,5
965,0,4
965,2,4
965,5,3
965,6,4
965,7,5
966,0,4
966,1,5
966,2,4
966,5,5
966,6,4
966,9,3
967,0,4
967,3,3
967,6,4
967,7,5
967,8,3
968,0,4
968,2,5
968,4,3
968,5,4
968,7,5
968,8,4
968,9,4
969,0,4
969,1,4
969,5,4
969,6,5
969,7,4
969,8,5
969,9,3
970,0,4
970,1,4
970,2,5
970,4,3
970,5,4
970,6,4
970,7,4
970,8,4
970,9,3
971,0,5
971,1,4
971,2,3
971,3,4
971,4,4
971,6,5
971,7,4
971,8,4
972,1,5
972,2,5
972,3,4
972,4,3
972,6,5
972,7,4
972,8,4
972,9,4
973,0,4
973,5,5
973,6,4
973,7,5
973,9,4
974,0,5
974,1,5
974,2,5
974,5,5
974,6,4
974,7,4
974,8,4
974,9,3
975,0,4
975,2,4
975,4,3
975,5,4
975,6,5
975,7,4
975,8,4
975,9,4
976,1,4
976,2,4
976,3,4
977,0,5
977,1,4
977,2,5
977,3,3
977,4,2
977,5,4
977,6,4
977,7,3
978,1,2
978,2,3
978,7,4
978,8,3
979,0,4
979,1,5
979,2,4
979,4,4
979,5,5
979,6,4
979,8,5
980,0,4
980,6,4
980,7,4
980,9,3
981,1,2
981,2,5
981,5,3
981,6,4
981,7,3
982,0,5
982,2,5
982,6,5
982,7,5
982,8,3
982,9,4
983,0,5
983,1,4
983,2,4
983,4,4
983,5,4
983,6,4
983,7,4
983,8,4
984,1,3
984,2,5
984,5,4
984,6,4
984,7,4
984,8,4
985,0,4
985,2,4
985,3,3
985,5,4
985,6,4
985,7,4
985,9,4
986,0,3
986,1,4
986,4,4
986,5,3
986,7,3
986,9,4
987,0,4
987,1,4
987,4,3
987,5,5
987,6,4
987,8,3
987,9,4
988,3,4
988,4,4
988,5,5
988,7,3
988,8,4
989,1,3
989,3,5
989,4,5
989,5,4
989,8,4
990,0,3
990,1,4
990,3,4
990,4,5
990,5,4
990,8,4
991,0,4
991,1,3
991,2,4
991,3,5
991,4,5
991,5,4
991,8,4
991,9,5
992,0,4
992,2,4
992,6,3
992,7,4
993,0,5
993,2,4
993,3,4
993,4,4
993,5,4
993,6,5
993,7,4
993,8,5
994,0,4
994,1,4
994,3,4
994,5,5
994,6,4
994,7,4
994,9,3
995,0,4
995,1,4
995,2,5
995,3,3
995,5,5
995,6,4
995,7,4
995,8,4
996,0,4
996,1,4
996,3,3
996,4,3
996,5,4
996,6,4
996,7,5
996,9,4
997,0,3
997,2,3
997,3,4
997,5,5
997,7,4
997,9,4
998,0,4
998,2,4
998,3,3
998,7,4
998,8,4
999,0,4
999,2,4
999,3,3
999,4,3
999,5,3
999,6,5
999,7,4
999,8,4
999,9,3
1000,0,5
1000,6,4
1000,7,3
1001,1,3
1001,3,4
1001,4,5
1001,5,5
1001,9,4
1002,1,3
1002,2,4
1002,5,4
1002,6,4
1002,7,5
1002,8,3
1003,0,3
1003,1,5
1003,2,4
1003,3,3
1003,4,3
1003,5,5
1003,7,4
1003,9,4
1004,0,4
1004,1,5
1004,2,4
1004,4,4
1004,5,3
1004,6,4
1004,8,4
1005,0,5
1005,1,3
1005,5,3
1005,6,4
1005,7,4
1005,8,3
1006,1,5
1006,3,4
1006,4,4
1006,8,4
1006,9,4
1007,0,4
1007,1,4
1007,2,3
1007,4,3
1007,6,3
1007,8,4
1008,0,4
1008,1,3
1008,2,4
1008,4,3
1008,5,5
1008,6,5
1008,8,4
1009,0,4
1009,2,5
1009,6,4
1009,7,4
1009,8,5
1009,9,3
1010,0,4
1010,1,4
1010,3,4
1010,4,4
1010,5,4
1010,6,3
1010,8,4
1010,9,3
1011,0,4
1011,2,4
1011,3,4
1011,4,4
1011,6,3
1011,7,4
1011,8,4
1011,9,3
1012,0,3
1012,1,4
1012,3,4
1012,4,4
1012,5,4
1012,8,4
1012,9,4
1013,0,3
1013,1,5
1013,3,4
1013,4,4
1013,5,4
1013,6,3
1013,9,4
1014,1,5
1014,2,2
1014,3,4
1014,4,4
1014,5,4
1014,6,3
1014,7,3
1014,8,4
1014,9,5
1015,0,3
1015,1,3
1015,2,4
1015,3,5
1015,4,4
1015,8,5
1015,9,4
1016,1,4
1016,3,3
1016,4,4
1016,5,5
1016,7,3
1016,8,5
1016,9,4
1017,0,5
1017,2,4
1017,3,3
1017,4,3
1017,6,4
1017,7,4
1017,8,4
1017,9,3
1018,3,4
1018,4,4
1018,5,4
1018,7,4
1018,9,4
1019,0,4
1019,2,5
1019,5,5
1019,6,5
1019,8,4
1019,9,4
1020,0,4
1020,1,5
1020,2,4
1020,3,4
1020,4,3
1020,5,4
1020,6,3
1020,7,4
1020,8,4
1021,0,4
1021,1,3
1021,2,4
1021,5,4
1021,6,4
1022,0,4
1022,1,5
1022,2,4
1022,4,3
1022,5,4
1022,6,3
1022,7,5
1022,8,4
1023,0,4
1023,1,5
1023,2,4
1023,3,3
1023,5,4
1023,6,4
1023,7,3
1023,8,4
1023,9,4
1024,0,4
1024,1,3
1024,2,4
1024,4,4
1024,5,4
1024,6,5
1024,8,4
1025,0,3
1025,1,5
1025,3,4
1025,4,4
1025,5,4
1025,7,3
1025,8,5
1025,9,4
1026,0,4
1026,2,5
1026,5,4
1026,6,5
1026,7,5
1026,8,4
1027,1,4
1027,2,5
1027,3,4
1027,6,4
1027,7,4
1027,8,5
1028,1,4
1028,2,4
1028,3,4
1028,5,4
1028,9,4
1029,0,5
1029,1,4
1029,2,4
1029,3,4
1029,4,4
1029,5,4
1029,6,4
1029,8,4
1029,9,4
1030,1,5
1030,5,4
1030,6,4
1030,7,4
1030,8,5
1030,9,3
1031,1,4
1031,3,4
1031,4,4
1031,5,5
1031,7,3
1031,8,4
1031,9,4
1032,0,4
1032,2,4
1032,4,3
1032,5,3
1032,6,4
1033,1,4
1033,2,3
1033,3,3
1033,4,5
1033,5,4
1033,6,4
1033,8,4
1033,9,4
1034,0,4
1034,1,4
1034,2,4
1034,6,4
1034,7,3
1034,8,3
1035,0,3
1035,1,3
1035,2,3
1035,6,4
1035,7,4
1036,1,4
1036,3,4
1036,4,4
1036,5,5
1036,8,4
1037,0,4
1037,1,4
1037,2,4
1037,4,3
1037,5,5
1037,6,4
1037,7,4
1037,8,3
1038,0,5
1038,1,4
1038,2,4
1038,4,3
1038,5,3
1038,6,4
1038,7,4
1038,8,4
1038,9,4
1039,0,4
1039,4,4
1039,5,5
1039,6,5
1039,7,4
1039,9,3
1040,1,4
1040,2,3
1040,4,5
1040,5,5
1040,8,5
1040,9,3
1041,2,4
1041,7,4
1041,8,4
1041,9,4
1042,0,4
1042,3,4
1042,4,3
1042,5,5
1042,6,5
1042,8,4
1042,9,3
1043,0,3
1043,1,4
1043,2,4
1043,5,4
1043,6,4
1043,7,4
1043,8,5
